,Date,open,high,low,close,vol
0,2012-01-01,873.0,879.0,851.0,879.0,799
1,2012-01-02,879.0,913.0,882.0,900.0,1002
2,2012-01-03,900.0,916.0,892.0,892.0,2653
3,2012-01-04,892.0,875.0,842.0,865.0,490
4,2012-01-05,865.0,875.0,858.0,858.0,121
5,2012-01-08,858.0,845.0,814.0,830.0,4835
6,2012-01-09,830.0,846.0,830.0,846.0,195
7,2012-01-10,858.0,862.0,845.0,845.0,658
8,2012-01-11,845.0,874.0,845.0,874.0,969
9,2012-01-12,874.0,904.0,860.0,904.0,773
10,2012-01-16,904.0,886.0,867.0,879.0,235
11,2012-01-17,879.0,865.0,820.0,861.0,2244
12,2012-01-19,861.0,882.0,830.0,882.0,1617
13,2012-01-22,882.0,870.0,836.0,836.0,1273
14,2012-01-23,836.0,843.0,826.0,835.0,1255
15,2012-01-25,835.0,840.0,825.0,840.0,442
16,2012-01-26,840.0,830.0,826.0,830.0,408
17,2012-01-29,830.0,830.0,823.0,830.0,496
18,2012-01-31,830.0,845.0,842.0,842.0,143
19,2012-02-01,842.0,840.0,832.0,832.0,250
20,2012-02-02,832.0,850.0,833.0,850.0,382
21,2012-02-05,850.0,840.0,824.0,829.0,1035
22,2012-02-06,829.0,829.0,824.0,824.0,545
23,2012-02-07,824.0,833.0,820.0,830.0,816
24,2012-02-08,830.0,841.0,830.0,841.0,187
25,2012-02-09,841.0,840.0,830.0,840.0,437
26,2012-02-12,840.0,843.0,828.0,843.0,1780
27,2012-02-13,843.0,876.0,832.0,876.0,885
28,2012-02-14,876.0,870.0,860.0,860.0,447
29,2012-02-15,860.0,860.0,843.0,843.0,182
30,2012-02-16,843.0,850.0,833.0,850.0,1286
31,2012-02-21,850.0,850.0,836.0,850.0,170
32,2012-02-23,850.0,850.0,845.0,850.0,79
33,2012-02-26,850.0,856.0,833.0,844.0,1025
34,2012-02-27,844.0,847.0,831.0,847.0,1055
35,2012-02-28,847.0,867.0,845.0,867.0,825
36,2012-02-29,867.0,869.0,860.0,861.0,602
37,2012-03-01,861.0,887.0,865.0,887.0,497
38,2012-03-04,887.0,876.0,870.0,874.0,590
39,2012-03-05,874.0,887.0,866.0,883.0,571
40,2012-03-06,883.0,885.0,875.0,882.0,301
41,2012-03-11,882.0,885.0,868.0,885.0,361
42,2012-03-12,885.0,882.0,880.0,880.0,256
43,2012-03-13,880.0,880.0,863.0,880.0,501
44,2012-03-14,880.0,875.0,860.0,860.0,389
45,2012-03-15,860.0,852.0,836.0,852.0,446
46,2012-03-18,852.0,869.0,850.0,867.0,168
47,2012-03-19,867.0,882.0,853.0,882.0,281
48,2012-03-20,882.0,874.0,847.0,874.0,307
49,2012-03-21,874.0,878.0,850.0,878.0,900
50,2012-03-25,878.0,878.0,845.0,878.0,521
51,2012-03-26,878.0,861.0,861.0,861.0,50
52,2012-03-27,861.0,873.0,850.0,867.0,342
53,2012-03-28,867.0,867.0,850.0,867.0,317
54,2012-03-29,867.0,867.0,850.0,867.0,64
55,2012-04-01,867.0,852.0,835.0,852.0,981
56,2012-04-02,852.0,880.0,852.0,880.0,270
57,2012-04-03,880.0,891.0,867.0,875.0,145
58,2012-04-04,875.0,902.0,878.0,902.0,106
59,2012-04-08,902.0,895.0,879.0,895.0,318
60,2012-04-09,895.0,901.0,884.0,901.0,906
61,2012-04-10,901.0,892.0,890.0,890.0,249
62,2012-04-11,890.0,925.0,885.0,910.0,1173
63,2012-04-12,910.0,988.0,920.0,988.0,1316
64,2012-04-15,988.0,1075.0,1007.0,1075.0,1840
65,2012-04-17,1075.0,1182.0,994.0,1000.0,2664
66,2012-04-18,1000.0,1081.0,951.0,1081.0,1741
67,2012-04-19,1081.0,1144.0,1078.0,1130.0,3104
68,2012-04-22,1130.0,1200.0,1130.0,1200.0,3423
69,2012-04-24,1200.0,1320.0,1224.0,1320.0,880
70,2012-04-25,1320.0,1452.0,1346.0,1450.0,3631
71,2012-04-26,1450.0,1550.0,1400.0,1550.0,6246
72,2012-04-29,1550.0,1538.0,1461.0,1500.0,4632
73,2012-04-30,1500.0,1470.0,1380.0,1400.0,2746
74,2012-05-02,1400.0,1372.0,1260.0,1260.0,956
75,2012-05-03,1260.0,1386.0,1285.0,1386.0,522
76,2012-05-07,1386.0,1524.0,1413.0,1524.0,1302
77,2012-05-08,1524.0,1585.0,1470.0,1524.0,4092
78,2012-05-09,1524.0,1554.0,1415.0,1459.0,6781
79,2012-05-10,1459.0,1453.0,1387.0,1420.0,3591
80,2012-05-13,1420.0,1392.0,1290.0,1302.0,1788
81,2012-05-14,1302.0,1276.0,1200.0,1219.0,2577
82,2012-05-15,1219.0,1340.0,1219.0,1340.0,2424
83,2012-05-16,1340.0,1474.0,1340.0,1474.0,1090
84,2012-05-17,1474.0,1563.0,1421.0,1450.0,6367
85,2012-05-20,1450.0,1458.0,1390.0,1450.0,1648
86,2012-05-21,1450.0,1460.0,1400.0,1445.0,3948
87,2012-05-22,1445.0,1438.0,1380.0,1438.0,1664
88,2012-05-23,1438.0,1410.0,1325.0,1325.0,617
89,2012-05-24,1325.0,1400.0,1300.0,1369.0,3006
90,2012-05-27,1369.0,1448.0,1372.0,1420.0,4735
91,2012-05-29,1420.0,1392.0,1338.0,1338.0,30
92,2012-05-30,1338.0,1312.0,1205.0,1205.0,399
93,2012-05-31,1205.0,1228.0,1113.0,1200.0,5417
94,2012-06-03,1200.0,1320.0,1210.0,1313.0,2718
95,2012-06-04,1313.0,1313.0,1265.0,1290.0,2280
96,2012-06-05,1290.0,1265.0,1217.0,1242.0,1088
97,2012-06-06,1242.0,1221.0,1190.0,1206.0,4535
98,2012-06-07,1206.0,1258.0,1210.0,1225.0,1504
99,2012-06-10,1225.0,1210.0,1188.0,1205.0,1572
100,2012-06-11,1205.0,1253.0,1200.0,1200.0,602
101,2012-06-12,1200.0,1210.0,1195.0,1210.0,1025
102,2012-06-13,1210.0,1220.0,1201.0,1220.0,197
103,2012-06-14,1220.0,1215.0,1196.0,1212.0,903
104,2012-06-17,1212.0,1205.0,1194.0,1205.0,306
105,2012-06-18,1205.0,1224.0,1200.0,1210.0,320
106,2012-06-19,1210.0,1211.0,1186.0,1211.0,624
107,2012-06-20,1211.0,1258.0,1195.0,1212.0,226
108,2012-06-21,1212.0,1212.0,1200.0,1205.0,730
109,2012-06-25,1205.0,1264.0,1197.0,1264.0,721
110,2012-06-26,1264.0,1239.0,1218.0,1226.0,358
111,2012-06-27,1226.0,1264.0,1240.0,1249.0,1302
112,2012-06-28,1249.0,1298.0,1250.0,1267.0,1238
113,2012-07-01,1267.0,1260.0,1250.0,1260.0,1135
114,2012-07-02,1260.0,1250.0,1242.0,1245.0,790
115,2012-07-03,1245.0,1280.0,1250.0,1280.0,1302
116,2012-07-04,1280.0,1325.0,1281.0,1302.0,784
117,2012-07-05,1302.0,1293.0,1276.0,1293.0,789
118,2012-07-08,1293.0,1281.0,1265.0,1281.0,1230
119,2012-07-09,1281.0,1285.0,1260.0,1275.0,907
120,2012-07-10,1275.0,1302.0,1288.0,1300.0,955
121,2012-07-11,1300.0,1316.0,1310.0,1310.0,1338
122,2012-07-12,1310.0,1319.0,1301.0,1319.0,1100
123,2012-07-15,1319.0,1365.0,1338.0,1355.0,1155
124,2012-07-16,1355.0,1353.0,1340.0,1350.0,904
125,2012-07-17,1350.0,1371.0,1350.0,1371.0,2701
126,2012-07-18,1371.0,1395.0,1368.0,1382.0,2406
127,2012-07-19,1382.0,1443.0,1400.0,1430.0,1362
128,2012-07-22,1430.0,1478.0,1430.0,1475.0,4131
129,2012-07-23,1475.0,1502.0,1478.0,1483.0,3631
130,2012-07-24,1483.0,1486.0,1447.0,1474.0,3187
131,2012-07-25,1474.0,1490.0,1462.0,1470.0,2707
132,2012-07-26,1470.0,1465.0,1450.0,1450.0,1828
133,2012-07-29,1450.0,1450.0,1431.0,1440.0,943
134,2012-07-30,1440.0,1455.0,1420.0,1450.0,2028
135,2012-07-31,1450.0,1462.0,1441.0,1450.0,651
136,2012-08-01,1450.0,1470.0,1450.0,1460.0,2222
137,2012-08-05,1460.0,1470.0,1440.0,1470.0,969
138,2012-08-06,1470.0,1481.0,1470.0,1478.0,897
139,2012-08-07,1478.0,1486.0,1470.0,1480.0,975
140,2012-08-08,1480.0,1475.0,1460.0,1469.0,1167
141,2012-08-12,1469.0,1460.0,1451.0,1451.0,508
142,2012-08-13,1451.0,1500.0,1455.0,1461.0,3040
143,2012-08-14,1461.0,1473.0,1450.0,1455.0,1350
144,2012-08-15,1455.0,1460.0,1445.0,1450.0,2545
145,2012-08-16,1450.0,1475.0,1447.0,1469.0,2466
146,2012-08-19,1469.0,1451.0,1441.0,1451.0,385
147,2012-08-21,1451.0,1465.0,1430.0,1465.0,2488
148,2012-08-22,1465.0,1472.0,1451.0,1462.0,1036
149,2012-08-23,1462.0,1468.0,1441.0,1465.0,1546
150,2012-08-26,1465.0,1465.0,1430.0,1439.0,569
151,2012-08-27,1439.0,1450.0,1436.0,1450.0,1059
152,2012-08-28,1450.0,1451.0,1437.0,1437.0,1216
153,2012-08-29,1437.0,1440.0,1423.0,1440.0,1265
154,2012-08-30,1440.0,1437.0,1405.0,1437.0,1420
155,2012-09-02,1437.0,1464.0,1440.0,1462.0,1427
156,2012-09-03,1462.0,1469.0,1450.0,1460.0,731
157,2012-09-04,1460.0,1459.0,1432.0,1455.0,683
158,2012-09-05,1455.0,1460.0,1440.0,1451.0,681
159,2012-09-06,1451.0,1451.0,1440.0,1443.0,2276
160,2012-09-09,1443.0,1449.0,1435.0,1448.0,1031
161,2012-09-10,1448.0,1441.0,1426.0,1426.0,524
162,2012-09-11,1426.0,1520.0,1454.0,1490.0,7009
163,2012-09-12,1490.0,1505.0,1480.0,1480.0,5042
164,2012-09-13,1480.0,1489.0,1478.0,1481.0,1771
165,2012-09-16,1481.0,1491.0,1480.0,1485.0,1019
166,2012-09-17,1485.0,1488.0,1481.0,1488.0,1287
167,2012-09-18,1488.0,1500.0,1486.0,1486.0,897
168,2012-09-19,1486.0,1490.0,1480.0,1482.0,998
169,2012-09-20,1482.0,1470.0,1445.0,1470.0,350
170,2012-09-23,1470.0,1460.0,1442.0,1452.0,921
171,2012-09-24,1452.0,1436.0,1410.0,1436.0,898
172,2012-09-25,1436.0,1434.0,1415.0,1426.0,1942
173,2012-09-26,1426.0,1452.0,1400.0,1410.0,6206
174,2012-09-30,1419.0,1444.0,1400.0,1400.0,1097
175,2012-10-01,1400.0,1428.0,1400.0,1402.0,4518
176,2012-10-01,1400.0,1428.0,1400.0,1402.0,4518
177,2012-10-02,1402.0,1413.0,1375.0,1385.0,5576
178,2012-10-03,1385.0,1131.0,1120.0,1120.0,218
179,2012-10-04,1120.0,1125.0,1101.0,1125.0,723
180,2012-10-07,1125.0,1145.0,1133.0,1145.0,1039
181,2012-10-08,1145.0,1160.0,1145.0,1150.0,570
182,2012-10-09,1150.0,1162.0,1140.0,1162.0,514
183,2012-10-10,1162.0,1152.0,1143.0,1152.0,224
184,2012-10-11,1152.0,1140.0,1135.0,1135.0,377
185,2012-10-14,1135.0,1157.0,1135.0,1157.0,177
186,2012-10-15,1157.0,1160.0,1160.0,1160.0,26
187,2012-10-17,1160.0,1160.0,1160.0,1160.0,211
188,2012-10-18,1160.0,1165.0,1137.0,1165.0,636
189,2012-10-30,1165.0,1224.0,1185.0,1224.0,291
190,2012-10-31,1224.0,1248.0,1224.0,1247.0,806
191,2012-11-01,1247.0,1249.0,1220.0,1249.0,1358
192,2012-11-04,1249.0,1290.0,1250.0,1265.0,602
193,2012-11-05,1265.0,1310.0,1280.0,1280.0,521
194,2012-11-06,1280.0,1329.0,1300.0,1316.0,2280
195,2012-11-07,1316.0,1447.0,1342.0,1447.0,1661
196,2012-11-08,1447.0,1575.0,1475.0,1504.0,5562
197,2012-11-11,1504.0,1505.0,1376.0,1410.0,3220
198,2012-11-12,1410.0,1455.0,1400.0,1455.0,1858
199,2012-11-18,1455.0,1504.0,1455.0,1503.0,5211
200,2012-11-20,1503.0,1572.0,1529.0,1550.0,3483
201,2012-11-21,1550.0,1565.0,1525.0,1535.0,2159
202,2012-11-22,1535.0,1510.0,1480.0,1510.0,3477
203,2012-11-25,1510.0,1517.0,1480.0,1501.0,5926
204,2012-11-26,1501.0,1492.0,1470.0,1478.0,1592
205,2012-11-27,1478.0,1485.0,1467.0,1485.0,2331
206,2012-11-28,1485.0,1499.0,1460.0,1499.0,1685
207,2012-11-29,1499.0,1470.0,1452.0,1460.0,513
208,2012-12-02,1460.0,1461.0,1426.0,1445.0,3251
209,2012-12-03,1445.0,1460.0,1403.0,1460.0,1078
210,2012-12-04,1460.0,1489.0,1460.0,1466.0,1708
211,2012-12-05,1466.0,1510.0,1475.0,1503.0,6029
212,2012-12-06,1503.0,1500.0,1475.0,1498.0,2285
213,2012-12-09,1498.0,1475.0,1450.0,1450.0,718
214,2012-12-10,1450.0,1450.0,1420.0,1450.0,1548
215,2012-12-11,1450.0,1464.0,1445.0,1450.0,742
216,2012-12-12,1450.0,1485.0,1450.0,1480.0,1125
217,2012-12-13,1480.0,1509.0,1465.0,1490.0,601
218,2012-12-16,1490.0,1534.0,1500.0,1528.0,4987
219,2012-12-17,1528.0,1579.0,1535.0,1559.0,5971
220,2012-12-18,1559.0,1528.0,1500.0,1522.0,2787
221,2012-12-19,1522.0,1555.0,1523.0,1547.0,4192
222,2012-12-20,1547.0,1559.0,1530.0,1556.0,4104
223,2012-12-23,1556.0,1575.0,1545.0,1575.0,4289
224,2012-12-24,1575.0,1579.0,1550.0,1567.0,6737
225,2012-12-26,1567.0,1623.0,1560.0,1615.0,5465
226,2012-12-27,1615.0,1701.0,1506.0,1701.0,7127
227,2012-12-31,1701.0,1695.0,1610.0,1693.0,3896
228,2013-01-01,1693.0,1698.0,1660.0,1660.0,2821
229,2013-01-02,1660.0,1684.0,1635.0,1661.0,3397
230,2013-01-03,1661.0,1690.0,1660.0,1689.0,5596
231,2013-01-06,1689.0,1698.0,1675.0,1675.0,1363
232,2013-01-07,1675.0,1683.0,1650.0,1665.0,4852
233,2013-01-08,1665.0,1665.0,1653.0,1654.0,619
234,2013-01-09,1654.0,1650.0,1640.0,1650.0,1314
235,2013-01-10,1650.0,1646.0,1620.0,1640.0,2114
236,2013-01-13,1640.0,1665.0,1646.0,1650.0,1896
237,2013-01-15,1650.0,1668.0,1650.0,1650.0,1850
238,2013-01-16,1650.0,1662.0,1640.0,1650.0,1823
239,2013-01-17,1650.0,1635.0,1617.0,1620.0,2605
240,2013-01-20,1620.0,1590.0,1540.0,1550.0,2151
241,2013-01-21,1550.0,1612.0,1581.0,1590.0,468
242,2013-01-22,1590.0,1620.0,1590.0,1600.0,1194
243,2013-01-23,1600.0,1600.0,1575.0,1583.0,1800
244,2013-01-24,1583.0,1601.0,1578.0,1601.0,3866
245,2013-01-28,1605.0,1610.0,1591.0,1605.0,2032
246,2013-01-30,1605.0,1606.0,1580.0,1585.0,6011
247,2013-01-31,1585.0,1593.0,1580.0,1580.0,2399
248,2013-02-03,1580.0,1625.0,1595.0,1620.0,4537
249,2013-02-04,1620.0,1624.0,1600.0,1622.0,1449
250,2013-02-05,1622.0,1625.0,1600.0,1605.0,2714
251,2013-02-06,1605.0,1609.0,1595.0,1608.0,4577
252,2013-02-07,1608.0,1611.0,1600.0,1606.0,1056
253,2013-02-10,1606.0,1687.0,1637.0,1655.0,4707
254,2013-02-12,1655.0,1735.0,1688.0,1730.0,5007
255,2013-02-13,1730.0,1729.0,1682.0,1711.0,5548
256,2013-02-14,1711.0,1755.0,1737.0,1749.0,5508
257,2013-02-17,1749.0,1923.0,1783.0,1890.0,3388
258,2013-02-19,1890.0,2000.0,1862.0,1866.0,11302
259,2013-02-20,1866.0,1870.0,1813.0,1840.0,3753
260,2013-02-21,1840.0,1894.0,1820.0,1850.0,4683
261,2013-02-24,1850.0,1860.0,1840.0,1851.0,1719
262,2013-02-25,1851.0,1950.0,1850.0,1885.0,2323
263,2013-02-26,1885.0,1922.0,1880.0,1899.0,4719
264,2013-02-27,1899.0,1875.0,1862.0,1870.0,1777
265,2013-02-28,1870.0,1889.0,1868.0,1888.0,1426
266,2013-03-03,1888.0,1889.0,1871.0,1887.0,3654
267,2013-03-04,1887.0,1886.0,1875.0,1880.0,2969
268,2013-03-05,1880.0,1888.0,1855.0,1868.0,5639
269,2013-03-06,1868.0,1895.0,1860.0,1890.0,1309
270,2013-03-07,1890.0,1925.0,1850.0,1925.0,4043
271,2013-03-11,1925.0,1939.0,1880.0,1900.0,2354
272,2013-03-13,1900.0,1911.0,1872.0,1908.0,3412
273,2013-03-14,1908.0,1998.0,1900.0,1921.0,2905
274,2013-03-17,1921.0,1916.0,1900.0,1904.0,2533
275,2013-03-18,1904.0,1909.0,1861.0,1880.0,1067
276,2013-03-19,1880.0,1923.0,1860.0,1890.0,1872
277,2013-03-20,1890.0,1901.0,1875.0,1878.0,688
278,2013-03-21,1878.0,1900.0,1870.0,1880.0,498
279,2013-03-24,1880.0,1851.0,1825.0,1835.0,2994
280,2013-03-25,1835.0,1852.0,1800.0,1852.0,2653
281,2013-03-27,1852.0,1888.0,1841.0,1849.0,2300
282,2013-03-28,1849.0,1852.0,1825.0,1852.0,4364
283,2013-03-31,1852.0,1830.0,1785.0,1785.0,2556
284,2013-04-01,1785.0,1811.0,1750.0,1795.0,3861
285,2013-04-02,1795.0,1856.0,1760.0,1830.0,2688
286,2013-04-03,1830.0,1840.0,1820.0,1825.0,1741
287,2013-04-04,1825.0,1825.0,1801.0,1808.0,2424
288,2013-04-07,1808.0,1808.0,1780.0,1790.0,1811
289,2013-04-08,1790.0,1820.0,1787.0,1800.0,785
290,2013-04-09,1800.0,1850.0,1801.0,1850.0,2545
291,2013-04-11,1850.0,1860.0,1835.0,1845.0,3477
292,2013-04-15,1845.0,1849.0,1815.0,1835.0,1900
293,2013-04-16,1835.0,1845.0,1815.0,1830.0,3250
294,2013-04-17,1830.0,1826.0,1805.0,1805.0,1167
295,2013-04-18,1805.0,1830.0,1806.0,1815.0,1755
296,2013-04-21,1815.0,1835.0,1805.0,1820.0,1114
297,2013-04-22,1820.0,1820.0,1750.0,1765.0,3818
298,2013-04-23,1765.0,1836.0,1790.0,1804.0,1983
299,2013-04-25,1804.0,1800.0,1780.0,1780.0,1273
300,2013-04-28,1780.0,1777.0,1770.0,1770.0,1757
301,2013-04-29,1770.0,1795.0,1770.0,1770.0,1506
302,2013-04-30,1770.0,1785.0,1769.0,1770.0,515
303,2013-05-02,1770.0,1771.0,1740.0,1770.0,1071
304,2013-05-05,1770.0,1780.0,1720.0,1735.0,1168
305,2013-05-06,1735.0,1715.0,1678.0,1678.0,848
306,2013-05-07,1678.0,1738.0,1675.0,1704.0,3840
307,2013-05-08,1704.0,1700.0,1690.0,1690.0,234
308,2013-05-09,1690.0,1702.0,1685.0,1685.0,998
309,2013-05-12,1685.0,1718.0,1660.0,1681.0,3800
310,2013-05-13,1681.0,1718.0,1680.0,1718.0,2165
311,2013-05-14,1718.0,1722.0,1690.0,1690.0,3704
312,2013-05-15,1690.0,1723.0,1690.0,1695.0,9162
313,2013-05-16,1695.0,1750.0,1700.0,1750.0,1993
314,2013-05-19,1750.0,1765.0,1720.0,1726.0,10617
315,2013-05-20,1726.0,1760.0,1730.0,1745.0,2532
316,2013-05-21,1745.0,1753.0,1740.0,1750.0,3286
317,2013-05-22,1750.0,1763.0,1735.0,1745.0,2178
318,2013-05-23,1745.0,1745.0,1725.0,1745.0,3462
319,2013-05-26,1745.0,1750.0,1740.0,1741.0,1188
320,2013-05-27,1741.0,1804.0,1760.0,1804.0,1415
321,2013-05-28,1804.0,1785.0,1760.0,1761.0,1016
322,2013-05-30,1761.0,1761.0,1745.0,1745.0,2567
323,2013-06-02,1745.0,1754.0,1730.0,1730.0,1852
324,2013-06-03,1730.0,1760.0,1749.0,1750.0,669
325,2013-06-04,1750.0,1755.0,1740.0,1750.0,590
326,2013-06-05,1750.0,1750.0,1744.0,1744.0,357
327,2013-06-06,1744.0,1750.0,1731.0,1746.0,746
328,2013-06-09,1746.0,1740.0,1740.0,1740.0,1721
329,2013-06-10,1740.0,1742.0,1735.0,1740.0,3401
330,2013-06-11,1740.0,1755.0,1744.0,1752.0,630
331,2013-06-12,1752.0,1743.0,1735.0,1736.0,812
332,2013-06-13,1736.0,1735.0,1725.0,1728.0,1716
333,2013-06-16,1728.0,1740.0,1725.0,1738.0,1064
334,2013-06-17,1738.0,1731.0,1720.0,1720.0,1445
335,2013-06-18,1720.0,1721.0,1701.0,1719.0,1011
336,2013-06-19,1719.0,1722.0,1706.0,1721.0,1715
337,2013-06-20,1721.0,1715.0,1706.0,1711.0,1816
338,2013-06-23,1711.0,1718.0,1700.0,1715.0,528
339,2013-06-24,1715.0,1721.0,1705.0,1716.0,812
340,2013-06-25,1716.0,1730.0,1709.0,1730.0,1982
341,2013-06-26,1730.0,1785.0,1730.0,1765.0,2051
342,2013-06-27,1765.0,1785.0,1750.0,1773.0,1651
343,2013-06-30,1773.0,1771.0,1730.0,1750.0,1692
344,2013-07-01,1750.0,1759.0,1745.0,1747.0,1948
345,2013-07-02,1747.0,1748.0,1740.0,1748.0,869
346,2013-07-03,1748.0,1753.0,1725.0,1743.0,1706
347,2013-07-04,1743.0,1746.0,1735.0,1741.0,1636
348,2013-07-07,1741.0,1747.0,1730.0,1741.0,2216
349,2013-07-08,1741.0,1754.0,1736.0,1750.0,2866
350,2013-07-09,1750.0,1779.0,1753.0,1779.0,1603
351,2013-07-10,1779.0,1809.0,1780.0,1805.0,5003
352,2013-07-11,1805.0,1795.0,1786.0,1786.0,632
353,2013-07-14,1786.0,1800.0,1788.0,1790.0,1240
354,2013-07-15,1790.0,1823.0,1810.0,1815.0,553
355,2013-07-16,1815.0,1819.0,1795.0,1800.0,2427
356,2013-07-17,1800.0,1825.0,1801.0,1825.0,3409
357,2013-07-18,1825.0,1872.0,1811.0,1865.0,5092
358,2013-07-21,1865.0,1970.0,1890.0,1910.0,5250
359,2013-07-22,1910.0,1915.0,1885.0,1885.0,1031
360,2013-07-23,1885.0,1920.0,1870.0,1920.0,898
361,2013-07-24,1920.0,1900.0,1843.0,1890.0,2886
362,2013-07-25,1890.0,1905.0,1880.0,1889.0,1962
363,2013-07-28,1889.0,1918.0,1880.0,1905.0,2279
364,2013-07-29,1905.0,1910.0,1890.0,1900.0,2562
365,2013-07-30,1900.0,1915.0,1900.0,1910.0,2927
366,2013-07-31,1910.0,1935.0,1900.0,1925.0,2384
367,2013-08-01,1925.0,1950.0,1900.0,1910.0,2696
368,2013-08-04,1910.0,1915.0,1891.0,1915.0,3186
369,2013-08-05,1915.0,1901.0,1890.0,1895.0,1105
370,2013-08-06,1895.0,1905.0,1885.0,1903.0,2029
371,2013-08-07,1903.0,1920.0,1890.0,1890.0,635
372,2013-08-08,1890.0,1926.0,1880.0,1900.0,2663
373,2013-08-11,1900.0,1875.0,1850.0,1870.0,867
374,2013-08-12,1870.0,1870.0,1842.0,1850.0,1648
375,2013-08-13,1850.0,1850.0,1812.0,1830.0,2663
376,2013-08-14,1830.0,1860.0,1819.0,1819.0,1105
377,2013-08-15,1819.0,1845.0,1818.0,1845.0,651
378,2013-08-18,1845.0,1845.0,1822.0,1825.0,1294
379,2013-08-19,1825.0,1850.0,1830.0,1838.0,1782
380,2013-08-20,1838.0,1855.0,1830.0,1855.0,807
381,2013-08-25,1855.0,1870.0,1850.0,1860.0,1577
382,2013-08-26,1860.0,1860.0,1840.0,1851.0,1868
383,2013-08-27,1851.0,1859.0,1840.0,1853.0,1193
384,2013-08-29,1853.0,1856.0,1830.0,1834.0,1962
385,2013-09-01,1834.0,1840.0,1830.0,1830.0,787
386,2013-09-02,1830.0,1825.0,1820.0,1820.0,802
387,2013-09-03,1820.0,1828.0,1800.0,1820.0,3564
388,2013-09-04,1820.0,1840.0,1803.0,1820.0,2269
389,2013-09-05,1820.0,1820.0,1799.0,1820.0,3902
390,2013-09-08,1820.0,2002.0,1856.0,2002.0,9905
391,2013-09-09,2002.0,2039.0,1961.0,1965.0,8448
392,2013-09-10,1965.0,1965.0,1926.0,1940.0,5604
393,2013-09-11,1940.0,1958.0,1940.0,1958.0,5974
394,2013-09-12,1958.0,1975.0,1960.0,1965.0,3529
395,2013-09-15,1965.0,1995.0,1960.0,1990.0,9143
396,2013-09-16,1990.0,2002.0,1990.0,1996.0,4647
397,2013-09-17,1996.0,2003.0,1985.0,2000.0,9843
398,2013-09-19,2000.0,1991.0,1965.0,1980.0,2291
399,2013-09-22,1980.0,1980.0,1950.0,1975.0,2397
400,2013-09-23,1975.0,1975.0,1941.0,1970.0,3089
401,2013-09-24,1970.0,1990.0,1961.0,1980.0,4740
402,2013-09-25,1980.0,1986.0,1976.0,1980.0,2790
403,2013-09-26,1980.0,2000.0,1979.0,1980.0,837
404,2013-09-29,1980.0,1990.0,1970.0,1975.0,2802
405,2013-09-30,1975.0,1980.0,1975.0,1975.0,1938
406,2013-10-01,1975.0,2012.0,1974.0,1980.0,2887
407,2013-10-02,1980.0,1985.0,1950.0,1983.0,1303
408,2013-10-03,1983.0,1980.0,1960.0,1976.0,2340
409,2013-10-06,1976.0,1980.0,1970.0,1980.0,1379
410,2013-10-07,1980.0,1995.0,1980.0,1992.0,1594
411,2013-10-08,1992.0,2010.0,1995.0,2010.0,2489
412,2013-10-09,2010.0,2014.0,2000.0,2008.0,2821
413,2013-10-10,2008.0,2035.0,2015.0,2030.0,1255
414,2013-10-17,2030.0,2065.0,2035.0,2065.0,3332
415,2013-10-20,2065.0,2151.0,2050.0,2150.0,8573
416,2013-10-21,2150.0,2240.0,2124.0,2200.0,6354
417,2013-10-22,2200.0,2200.0,2100.0,2150.0,7336
418,2013-10-23,2150.0,2160.0,2111.0,2140.0,2544
419,2013-10-24,2140.0,2160.0,2118.0,2160.0,3527
420,2013-10-27,2160.0,2201.0,2117.0,2200.0,3228
421,2013-10-28,2200.0,2230.0,2191.0,2198.0,5747
422,2013-10-29,2198.0,2204.0,2190.0,2201.0,2987
423,2013-10-30,2201.0,2206.0,2195.0,2200.0,8171
424,2013-10-31,2200.0,2208.0,2195.0,2198.0,5454
425,2013-11-06,2198.0,2200.0,2191.0,2194.0,1535
426,2013-11-07,2194.0,2199.0,2175.0,2175.0,3254
427,2013-11-11,2170.0,2210.0,2150.0,2201.0,10578
428,2013-11-12,2200.0,2250.0,2200.0,2205.0,3891
429,2013-11-13,2205.0,2240.0,2205.0,2213.0,8998
430,2013-11-14,2213.0,2260.0,2200.0,2229.0,9683
431,2013-11-21,2229.0,2451.0,2273.0,2451.0,10177
432,2013-11-24,2451.0,2567.0,2400.0,2523.0,7026
433,2013-11-25,2523.0,2478.0,2380.0,2447.0,4977
434,2013-11-26,2447.0,2440.0,2380.0,2390.0,5083
435,2013-11-27,2390.0,2390.0,2365.0,2380.0,1841
436,2013-11-28,2380.0,2380.0,2333.0,2380.0,3395
437,2013-12-01,2380.0,2495.0,2427.0,2474.0,5618
438,2013-12-02,2474.0,2500.0,2470.0,2491.0,5399
439,2013-12-03,2491.0,2605.0,2491.0,2575.0,6324
440,2013-12-04,2575.0,2725.0,2610.0,2715.0,6447
441,2013-12-05,2715.0,2800.0,2695.0,2720.0,9860
442,2013-12-08,2720.0,2790.0,2700.0,2750.0,18668
443,2013-12-09,2200.0,2400.0,2244.0,2290.0,5002
444,2013-12-10,2290.0,2290.0,2240.0,2255.0,1767
445,2013-12-11,2255.0,2305.0,2260.0,2290.0,2056
446,2013-12-12,2290.0,2300.0,2240.0,2245.0,1285
447,2013-12-15,2245.0,2300.0,2216.0,2300.0,1243
448,2013-12-16,2300.0,2386.0,2310.0,2386.0,716
449,2013-12-18,2386.0,2410.0,2386.0,2410.0,900
450,2013-12-19,2410.0,2400.0,2257.0,2399.0,3807
451,2013-12-22,2399.0,2405.0,2361.0,2362.0,2354
452,2013-12-23,2357.0,2330.0,2245.0,2245.0,1786
453,2013-12-24,2245.0,2280.0,2245.0,2258.0,2047
454,2013-12-26,2258.0,2320.0,2260.0,2270.0,4278
455,2013-12-29,2270.0,2275.0,2220.0,2250.0,3809
456,2013-12-31,2250.0,2250.0,2200.0,2210.0,2064
457,2014-01-01,2210.0,2180.0,2142.0,2151.0,433
458,2014-01-02,2151.0,2150.0,2090.0,2125.0,10110
459,2014-01-05,2125.0,2125.0,2100.0,2125.0,5113
460,2014-01-06,2125.0,2118.0,2095.0,2110.0,3381
461,2014-01-07,2110.0,2135.0,2070.0,2126.0,4731
462,2014-01-08,2126.0,2180.0,2100.0,2168.0,2502
463,2014-01-09,2168.0,2172.0,2125.0,2172.0,1115
464,2014-01-12,2172.0,2225.0,2105.0,2225.0,1788
465,2014-01-13,2225.0,2260.0,2225.0,2250.0,1385
466,2014-01-14,2250.0,2250.0,2220.0,2220.0,287
467,2014-01-16,2220.0,2230.0,2199.0,2199.0,163
468,2014-01-19,2199.0,2230.0,2190.0,2210.0,1484
469,2014-01-20,2210.0,2200.0,2166.0,2185.0,1001
470,2014-01-21,2185.0,2177.0,2100.0,2129.0,1824
471,2014-01-22,2129.0,2115.0,2070.0,2090.0,2490
472,2014-01-23,2090.0,2100.0,2050.0,2080.0,1919
473,2014-01-26,2080.0,2100.0,2035.0,2085.0,2305
474,2014-01-27,2085.0,2105.0,2075.0,2075.0,700
475,2014-01-28,2075.0,2085.0,2040.0,2057.0,3039
476,2014-01-29,2057.0,2060.0,2025.0,2050.0,1516
477,2014-02-02,2050.0,2061.0,2020.0,2060.0,3221
478,2014-02-03,2060.0,2025.0,1995.0,2009.0,1729
479,2014-02-04,2009.0,2020.0,2000.0,2015.0,701
480,2014-02-06,2060.0,2077.0,2050.0,2077.0,3009
481,2014-02-09,2077.0,2100.0,2075.0,2100.0,884
482,2014-02-10,2100.0,2227.0,2142.0,2155.0,3551
483,2014-02-11,2155.0,2130.0,2100.0,2130.0,2034
484,2014-02-12,2130.0,2124.0,2090.0,2102.0,1982
485,2014-02-13,2102.0,2103.0,2089.0,2095.0,902
486,2014-02-16,2095.0,2100.0,2075.0,2080.0,1096
487,2014-02-17,2080.0,2100.0,2080.0,2088.0,687
488,2014-02-18,2088.0,2105.0,2085.0,2105.0,814
489,2014-02-20,2105.0,2140.0,2098.0,2098.0,466
490,2014-02-23,2098.0,2150.0,2100.0,2108.0,4237
491,2014-02-24,2108.0,2140.0,2107.0,2133.0,2640
492,2014-02-25,2133.0,2130.0,2100.0,2130.0,1845
493,2014-02-26,2130.0,2180.0,2100.0,2149.0,1200
494,2014-03-03,2149.0,2130.0,2059.0,2065.0,1114
495,2014-03-04,2065.0,2065.0,1975.0,2015.0,2767
496,2014-03-05,2015.0,2090.0,2000.0,2090.0,1527
497,2014-03-06,2090.0,2050.0,2001.0,2015.0,1631
498,2014-03-09,2015.0,2055.0,1990.0,2000.0,1254
499,2014-03-10,2000.0,2005.0,1965.0,1980.0,904
500,2014-03-11,1980.0,1981.0,1960.0,1979.0,1671
501,2014-03-12,1979.0,1970.0,1870.0,1955.0,4854
502,2014-03-13,1955.0,1930.0,1900.0,1907.0,2402
503,2014-03-17,1907.0,1885.0,1840.0,1855.0,1944
504,2014-03-18,1855.0,1865.0,1799.0,1799.0,2968
505,2014-03-19,1799.0,1876.0,1790.0,1845.0,5212
506,2014-03-20,1845.0,1910.0,1840.0,1910.0,2633
507,2014-03-23,1910.0,1895.0,1881.0,1886.0,1880
508,2014-03-24,1886.0,1940.0,1910.0,1915.0,1043
509,2014-03-25,1915.0,1910.0,1880.0,1900.0,1319
510,2014-03-26,1900.0,1895.0,1871.0,1872.0,781
511,2014-03-27,1872.0,1905.0,1877.0,1900.0,2287
512,2014-03-31,1900.0,1911.0,1895.0,1895.0,1049
513,2014-04-01,1895.0,1920.0,1880.0,1900.0,2849
514,2014-04-02,1900.0,1920.0,1900.0,1900.0,4093
515,2014-04-03,1900.0,1950.0,1915.0,1950.0,1392
516,2014-04-06,1950.0,2000.0,1965.0,1965.0,438
517,2014-04-07,1965.0,1950.0,1893.0,1945.0,3054
518,2014-04-09,1945.0,1960.0,1900.0,1960.0,1858
519,2014-04-10,1960.0,2000.0,1961.0,1989.0,2242
520,2014-04-13,1989.0,2009.0,1970.0,1995.0,4388
521,2014-04-15,1995.0,2003.0,1995.0,1995.0,572
522,2014-04-16,1995.0,1991.0,1970.0,1990.0,606
523,2014-04-17,1990.0,1980.0,1943.0,1943.0,1617
524,2014-04-20,1943.0,1950.0,1944.0,1950.0,2145
525,2014-04-21,1950.0,1950.0,1920.0,1930.0,1235
526,2014-04-22,1930.0,1960.0,1930.0,1930.0,382
527,2014-04-23,1930.0,1940.0,1918.0,1940.0,699
528,2014-04-27,1940.0,1930.0,1890.0,1900.0,1374
529,2014-04-28,1900.0,1920.0,1890.0,1910.0,1057
530,2014-04-29,1910.0,1910.0,1910.0,1910.0,45
531,2014-04-30,1910.0,1940.0,1910.0,1940.0,326
532,2014-05-04,1940.0,1940.0,1904.0,1935.0,3143
533,2014-05-05,1935.0,1965.0,1940.0,1960.0,1684
534,2014-05-06,1960.0,2077.0,1999.0,2030.0,2557
535,2014-05-07,2030.0,2111.0,2040.0,2040.0,2142
536,2014-05-08,2040.0,2020.0,2000.0,2012.0,1301
537,2014-05-11,2012.0,2040.0,1995.0,2013.0,1554
538,2014-05-12,2013.0,2040.0,1995.0,2015.0,2015
539,2014-05-13,2015.0,2030.0,1990.0,2000.0,1034
540,2014-05-15,2000.0,2029.0,1960.0,1960.0,1801
541,2014-05-15,2000.0,2029.0,1960.0,1960.0,1801
542,2014-05-18,1960.0,1965.0,1941.0,1950.0,3500
543,2014-05-19,1950.0,1950.0,1882.0,1925.0,4777
544,2014-05-20,1925.0,1940.0,1903.0,1915.0,3836
545,2014-05-21,1915.0,1926.0,1890.0,1915.0,3692
546,2014-05-22,1915.0,1925.0,1859.0,1859.0,21890
547,2014-05-25,1859.0,1945.0,1788.0,1922.0,27558
548,2014-05-26,1922.0,1989.0,1900.0,1989.0,8695
549,2014-05-27,1989.0,1960.0,1925.0,1950.0,5571
550,2014-05-28,1950.0,1989.0,1940.0,1985.0,3993
551,2014-06-01,1985.0,2050.0,1970.0,2035.0,6733
552,2014-06-02,2035.0,2065.0,2020.0,2050.0,8876
553,2014-06-03,2050.0,2090.0,2057.0,2069.0,5985
554,2014-06-04,2069.0,2075.0,2050.0,2075.0,5664
555,2014-06-05,2075.0,2074.0,2035.0,2052.0,4170
556,2014-06-08,2052.0,2099.0,2050.0,2078.0,4816
557,2014-06-09,2078.0,2115.0,2078.0,2110.0,6302
558,2014-06-10,2110.0,2150.0,2115.0,2143.0,6260
559,2014-06-11,2143.0,2190.0,2130.0,2160.0,7131
560,2014-06-12,2160.0,2185.0,2127.0,2160.0,5552
561,2014-06-15,2160.0,2376.0,2160.0,2330.0,9465
562,2014-06-16,2330.0,2380.0,2312.0,2363.0,11146
563,2014-06-17,2363.0,2413.0,2310.0,2360.0,6689
564,2014-06-17,2363.0,2413.0,2310.0,2360.0,6689
565,2014-06-18,2360.0,2370.0,2335.0,2335.0,2313
566,2014-06-19,2335.0,2290.0,2265.0,2270.0,3475
567,2014-06-23,2270.0,2235.0,2186.0,2198.0,7097
568,2014-06-24,2198.0,2255.0,2117.0,2254.0,4796
569,2014-06-25,2254.0,2309.0,2250.0,2290.0,2781
570,2014-06-26,2290.0,2335.0,2301.0,2301.0,1527
571,2014-06-29,2301.0,2340.0,2280.0,2325.0,4526
572,2014-06-30,2325.0,2340.0,2300.0,2310.0,2748
573,2014-07-01,2310.0,2355.0,2320.0,2335.0,3169
574,2014-07-02,2335.0,2355.0,2300.0,2345.0,4313
575,2014-07-03,2345.0,2400.0,2350.0,2360.0,3317
576,2014-07-06,2360.0,2420.0,2360.0,2390.0,4442
577,2014-07-07,2390.0,2450.0,2400.0,2425.0,3657
578,2014-07-08,2425.0,2450.0,2400.0,2450.0,7731
579,2014-07-09,2450.0,2460.0,2438.0,2438.0,1438
580,2014-07-10,2438.0,2500.0,2430.0,2500.0,3612
581,2014-07-13,2500.0,2661.0,2520.0,2554.0,4717
582,2014-07-14,2554.0,2605.0,2530.0,2550.0,1345
583,2014-07-15,2550.0,2540.0,2515.0,2538.0,2092
584,2014-07-16,2538.0,2574.0,2515.0,2535.0,1482
585,2014-07-17,2535.0,2555.0,2490.0,2528.0,4066
586,2014-07-20,2528.0,2629.0,2550.0,2620.0,3391
587,2014-07-21,2620.0,2635.0,2590.0,2610.0,6600
588,2014-07-22,2610.0,2657.0,2559.0,2657.0,11797
589,2014-07-23,2657.0,2680.0,2600.0,2680.0,2677
590,2014-07-24,2680.0,2670.0,2610.0,2652.0,2761
591,2014-07-27,2652.0,2620.0,2600.0,2600.0,856
592,2014-07-28,2600.0,2610.0,2560.0,2610.0,281
593,2014-07-30,2610.0,2610.0,2576.0,2580.0,1885
594,2014-07-31,2580.0,2612.0,2565.0,2571.0,2070
595,2014-08-03,2571.0,2600.0,2575.0,2583.0,2243
596,2014-08-04,2583.0,2560.0,2470.0,2480.0,1906
597,2014-08-05,2480.0,2550.0,2500.0,2500.0,4958
598,2014-08-06,2500.0,2505.0,2480.0,2489.0,3605
599,2014-08-07,2489.0,2500.0,2470.0,2472.0,2121
600,2014-08-12,2472.0,2470.0,2415.0,2415.0,1179
601,2014-08-13,2415.0,2505.0,2385.0,2450.0,3685
602,2014-08-14,2450.0,2550.0,2425.0,2513.0,3681
603,2014-08-18,2513.0,2555.0,2490.0,2505.0,7582
604,2014-08-19,2505.0,2511.0,2475.0,2475.0,2987
605,2014-08-20,2475.0,2480.0,2400.0,2418.0,5743
606,2014-08-21,2418.0,2502.0,2270.0,2441.0,4752
607,2014-08-24,2441.0,2520.0,2439.0,2470.0,2179
608,2014-08-25,2470.0,2519.0,2280.0,2360.0,4877
609,2014-08-26,2360.0,2407.0,2223.0,2223.0,7014
610,2014-08-27,2223.0,2400.0,2267.0,2365.0,7514
611,2014-08-28,2365.0,2530.0,2410.0,2412.0,7784
612,2014-08-31,2412.0,2578.0,2460.0,2462.0,28055
613,2014-09-01,2462.0,2460.0,2380.0,2402.0,8973
614,2014-09-03,2402.0,2488.0,2400.0,2424.0,6112
615,2014-09-04,2424.0,2410.0,2377.0,2397.0,4050
616,2014-09-07,2397.0,2375.0,2230.0,2230.0,3957
617,2014-09-09,2230.0,2387.0,2250.0,2365.0,2375
618,2014-09-10,2365.0,2425.0,2320.0,2320.0,4288
619,2014-09-11,2320.0,2320.0,2250.0,2260.0,2728
620,2014-09-14,2260.0,2285.0,2220.0,2276.0,3404
621,2014-09-15,2276.0,2346.0,2260.0,2300.0,2930
622,2014-09-16,2300.0,2346.0,2285.0,2325.0,3472
623,2014-09-17,2325.0,2350.0,2300.0,2300.0,3375
624,2014-09-18,2300.0,2310.0,2230.0,2247.0,3648
625,2014-09-21,2247.0,2215.0,2165.0,2190.0,2116
626,2014-09-22,2190.0,2175.0,2140.0,2174.0,2830
627,2014-09-23,2174.0,2270.0,2195.0,2213.0,2415
628,2014-09-24,2213.0,2346.0,2250.0,2344.0,2407
629,2014-09-28,2344.0,2375.0,2330.0,2345.0,2614
630,2014-09-29,2345.0,2427.0,2360.0,2399.0,4217
631,2014-09-30,2399.0,2407.0,2357.0,2395.0,2574
632,2014-10-08,2395.0,2394.0,2370.0,2370.0,433
633,2014-10-09,2370.0,2380.0,2340.0,2380.0,704
634,2014-10-12,2380.0,2360.0,2320.0,2360.0,1152
635,2014-10-13,2360.0,2315.0,2250.0,2272.0,2487
636,2014-10-14,2272.0,2310.0,2280.0,2290.0,1237
637,2014-10-15,2290.0,2340.0,2298.0,2340.0,845
638,2014-10-16,2340.0,2375.0,2328.0,2340.0,1374
639,2014-10-19,2340.0,2324.0,2295.0,2315.0,2320
640,2014-10-20,2315.0,2320.0,2300.0,2320.0,1595
641,2014-10-21,2320.0,2361.0,2310.0,2324.0,1935
642,2014-10-22,2324.0,2366.0,2314.0,2350.0,1509
643,2014-10-26,2350.0,2359.0,2350.0,2350.0,428
644,2014-10-27,2350.0,2375.0,2349.0,2364.0,185
645,2014-10-28,2364.0,2364.0,2340.0,2350.0,1392
646,2014-10-30,2350.0,2376.0,2306.0,2325.0,2519
647,2014-11-02,2325.0,2325.0,2280.0,2290.0,1073
648,2014-11-03,2290.0,2255.0,2200.0,2200.0,3592
649,2014-11-04,2200.0,2210.0,2160.0,2210.0,2684
650,2014-11-05,2210.0,2218.0,2170.0,2206.0,6995
651,2014-11-06,2206.0,2235.0,2191.0,2220.0,7739
652,2014-11-09,2220.0,2252.0,2200.0,2217.0,11263
653,2014-11-10,2217.0,2249.0,2180.0,2200.0,6328
654,2014-11-11,2200.0,2200.0,2175.0,2200.0,6449
655,2014-11-12,2200.0,2209.0,2170.0,2170.0,11776
656,2014-11-13,1808.0,1830.0,1800.0,1800.0,99
657,2014-11-16,1800.0,1765.0,1670.0,1709.0,2309
658,2014-11-17,1709.0,1678.0,1611.0,1635.0,3945
659,2014-11-18,1635.0,1667.0,1564.0,1667.0,2897
660,2014-11-19,1667.0,1710.0,1634.0,1710.0,2153
661,2014-11-20,1710.0,1765.0,1700.0,1739.0,2401
662,2014-11-23,1739.0,1773.0,1695.0,1742.0,4018
663,2014-11-24,1742.0,1724.0,1710.0,1715.0,2010
664,2014-11-25,1715.0,1710.0,1666.0,1696.0,3089
665,2014-11-30,1696.0,1700.0,1680.0,1680.0,2125
666,2014-12-01,1680.0,1701.0,1670.0,1692.0,3262
667,2014-12-02,1692.0,1680.0,1635.0,1680.0,3265
668,2014-12-03,1680.0,1710.0,1665.0,1665.0,2392
669,2014-12-04,1665.0,1720.0,1687.0,1714.0,3338
670,2014-12-07,1714.0,1718.0,1700.0,1701.0,3015
671,2014-12-08,1701.0,1707.0,1700.0,1707.0,1571
672,2014-12-09,1707.0,1720.0,1700.0,1715.0,2452
673,2014-12-10,1715.0,1745.0,1682.0,1720.0,1666
674,2014-12-11,1720.0,1800.0,1686.0,1800.0,4183
675,2014-12-14,1800.0,1947.0,1836.0,1945.0,864
676,2014-12-15,1945.0,2000.0,1881.0,1950.0,3945
677,2014-12-16,1950.0,1950.0,1915.0,1926.0,3779
678,2014-12-17,1926.0,1915.0,1875.0,1875.0,2618
679,2014-12-18,1875.0,1938.0,1885.0,1938.0,701
680,2014-12-22,1938.0,1900.0,1825.0,1836.0,1715
681,2014-12-23,1836.0,1810.0,1800.0,1800.0,1178
682,2014-12-24,1800.0,1856.0,1800.0,1856.0,3276
683,2014-12-28,1856.0,1892.0,1858.0,1870.0,2045
684,2014-12-28,1856.0,1892.0,1858.0,1870.0,2045
685,2014-12-29,1870.0,1890.0,1835.0,1873.0,1493
686,2014-12-31,1873.0,1855.0,1820.0,1820.0,2162
687,2015-01-01,1820.0,1875.0,1835.0,1875.0,2383
688,2015-01-04,1875.0,1889.0,1866.0,1880.0,1918
689,2015-01-05,1880.0,1901.0,1855.0,1886.0,2264
690,2015-01-06,1886.0,1862.0,1852.0,1852.0,421
691,2015-01-07,1852.0,1898.0,1870.0,1885.0,1365
692,2015-01-08,1885.0,1901.0,1880.0,1890.0,1201
693,2015-01-11,1890.0,1881.0,1855.0,1855.0,1113
694,2015-01-12,1855.0,1859.0,1840.0,1855.0,490
695,2015-01-13,1855.0,1890.0,1825.0,1890.0,1921
696,2015-01-14,1890.0,1890.0,1866.0,1869.0,643
697,2015-01-18,1869.0,1894.0,1866.0,1894.0,1573
698,2015-01-19,1894.0,2038.0,1857.0,1982.0,22822
699,2015-01-20,1982.0,1950.0,1932.0,1950.0,2981
700,2015-01-22,1950.0,1940.0,1853.0,1940.0,2851
701,2015-01-25,1940.0,1960.0,1876.0,1950.0,2272
702,2015-01-26,1950.0,1986.0,1950.0,1950.0,3083
703,2015-01-27,1950.0,1974.0,1950.0,1974.0,1708
704,2015-01-28,1974.0,2020.0,1974.0,2020.0,4973
705,2015-01-29,2020.0,2030.0,1990.0,2012.0,2342
706,2015-02-01,2012.0,2060.0,1912.0,2051.0,2215
707,2015-02-02,2051.0,2062.0,2033.0,2050.0,5873
708,2015-02-03,2050.0,2055.0,2006.0,2021.0,4156
709,2015-02-04,2021.0,2025.0,2001.0,2010.0,4416
710,2015-02-05,2010.0,2020.0,1995.0,2012.0,3419
711,2015-02-08,2012.0,2017.0,2000.0,2010.0,1634
712,2015-02-09,2010.0,2010.0,1980.0,1990.0,2813
713,2015-02-10,1990.0,1998.0,1990.0,1998.0,1360
714,2015-02-11,1998.0,2000.0,1998.0,1998.0,418
715,2015-02-12,1998.0,2005.0,1985.0,2005.0,2850
716,2015-02-15,2005.0,2004.0,1996.0,2000.0,2124
717,2015-02-16,2000.0,2000.0,1985.0,1995.0,1483
718,2015-02-16,2000.0,2000.0,1985.0,1995.0,1483
719,2015-02-18,1995.0,1985.0,1975.0,1985.0,1539
720,2015-02-22,1985.0,1960.0,1930.0,1947.0,2341
721,2015-02-23,1947.0,1940.0,1905.0,1939.0,3583
722,2015-02-24,1939.0,1950.0,1915.0,1950.0,499
723,2015-02-25,1950.0,1952.0,1940.0,1952.0,1894
724,2015-02-26,1952.0,1960.0,1921.0,1926.0,470
725,2015-03-01,1926.0,1940.0,1903.0,1930.0,1809
726,2015-03-02,1930.0,1930.0,1920.0,1925.0,6343
727,2015-03-03,1925.0,1930.0,1920.0,1930.0,316
728,2015-03-04,1930.0,1961.0,1935.0,1940.0,1399
729,2015-03-09,1940.0,1975.0,1949.0,1961.0,2158
730,2015-03-10,1961.0,1972.0,1940.0,1942.0,1395
731,2015-03-11,1942.0,1960.0,1940.0,1960.0,855
732,2015-03-12,1960.0,1945.0,1930.0,1945.0,504
733,2015-03-15,1945.0,1930.0,1916.0,1925.0,851
734,2015-03-16,1925.0,1920.0,1910.0,1911.0,681
735,2015-03-17,1911.0,1920.0,1905.0,1906.0,1912
736,2015-03-18,1906.0,1917.0,1880.0,1901.0,1952
737,2015-03-19,1901.0,1925.0,1900.0,1925.0,803
738,2015-03-22,1925.0,1920.0,1900.0,1909.0,2388
739,2015-03-23,1909.0,1904.0,1888.0,1900.0,1911
740,2015-03-24,1900.0,1900.0,1880.0,1900.0,919
741,2015-03-25,1900.0,1901.0,1865.0,1887.0,1876
742,2015-03-26,1887.0,1887.0,1860.0,1870.0,1816
743,2015-03-29,1870.0,1880.0,1840.0,1880.0,794
744,2015-03-30,1880.0,1882.0,1879.0,1881.0,1513
745,2015-03-31,1881.0,1890.0,1875.0,1875.0,808
746,2015-04-01,1875.0,1875.0,1860.0,1875.0,232
747,2015-04-02,1875.0,1889.0,1855.0,1889.0,1601
748,2015-04-05,1889.0,1870.0,1850.0,1865.0,1849
749,2015-04-06,1865.0,1880.0,1830.0,1880.0,719
750,2015-04-07,1880.0,1870.0,1870.0,1870.0,134
751,2015-04-08,1870.0,1895.0,1865.0,1895.0,649
752,2015-04-09,1895.0,1930.0,1900.0,1905.0,633
753,2015-04-12,1905.0,1960.0,1900.0,1940.0,1785
754,2015-04-13,1940.0,1930.0,1895.0,1920.0,1721
755,2015-04-15,1920.0,1930.0,1895.0,1895.0,738
756,2015-04-16,1895.0,1950.0,1885.0,1950.0,1399
757,2015-04-19,1950.0,1930.0,1895.0,1925.0,1956
758,2015-04-20,1925.0,1940.0,1900.0,1940.0,1739
759,2015-04-21,1940.0,1930.0,1900.0,1930.0,6138
760,2015-04-22,1930.0,1916.0,1880.0,1900.0,2300
761,2015-04-23,1900.0,1905.0,1870.0,1902.0,2509
762,2015-05-25,1902.0,1864.0,1712.0,1712.0,731
763,2015-05-26,1712.0,1695.0,1603.0,1650.0,7687
764,2015-05-27,1650.0,1640.0,1585.0,1615.0,2258
765,2015-05-28,1615.0,1632.0,1575.0,1602.0,4064
766,2015-05-31,1602.0,1723.0,1634.0,1723.0,2975
767,2015-06-01,1723.0,1841.0,1750.0,1819.0,2683
768,2015-06-02,1819.0,1850.0,1810.0,1850.0,1778
769,2015-06-03,1850.0,1908.0,1860.0,1908.0,1392
770,2015-06-04,1908.0,1930.0,1880.0,1900.0,2197
771,2015-06-07,1900.0,1911.0,1900.0,1910.0,1707
772,2015-06-08,1910.0,1940.0,1915.0,1935.0,478
773,2015-06-08,1910.0,1940.0,1915.0,1935.0,478
774,2015-06-08,1910.0,1940.0,1915.0,1935.0,478
775,2015-06-09,1935.0,2010.0,1963.0,2010.0,2923
776,2015-06-10,2010.0,2002.0,1980.0,1982.0,3961
777,2015-06-11,1982.0,1970.0,1940.0,1940.0,661
778,2015-06-14,1940.0,1965.0,1921.0,1925.0,1089
779,2015-06-16,1925.0,1930.0,1900.0,1900.0,600
780,2015-06-17,1900.0,1900.0,1881.0,1881.0,2620
781,2015-06-18,1881.0,1880.0,1880.0,1880.0,332
782,2015-06-21,1880.0,1875.0,1860.0,1875.0,436
783,2015-06-22,1875.0,1885.0,1860.0,1875.0,3016
784,2015-06-23,1875.0,1880.0,1851.0,1880.0,2293
785,2015-06-24,1880.0,1885.0,1880.0,1881.0,1352
786,2015-06-25,1881.0,1885.0,1850.0,1885.0,3274
787,2015-06-28,1885.0,1901.0,1886.0,1900.0,911
788,2015-06-29,1900.0,1920.0,1890.0,1905.0,3878
789,2015-06-30,1905.0,1930.0,1892.0,1909.0,2117
790,2015-07-01,1909.0,1925.0,1896.0,1909.0,2457
791,2015-07-02,1909.0,1910.0,1900.0,1909.0,2986
792,2015-07-05,1909.0,1920.0,1901.0,1919.0,2251
793,2015-07-06,1919.0,1923.0,1900.0,1923.0,902
794,2015-07-07,1923.0,1930.0,1902.0,1911.0,3906
795,2015-07-08,1911.0,1916.0,1905.0,1910.0,1567
796,2015-07-09,1910.0,1922.0,1900.0,1920.0,1628
797,2015-07-12,1920.0,1935.0,1900.0,1935.0,2796
798,2015-07-13,1935.0,1932.0,1907.0,1924.0,1398
799,2015-07-14,1924.0,1925.0,1910.0,1920.0,439
800,2015-07-15,1920.0,1930.0,1916.0,1930.0,1266
801,2015-07-16,1930.0,1930.0,1901.0,1910.0,2248
802,2015-07-22,1910.0,1925.0,1900.0,1900.0,3604
803,2015-07-23,1900.0,2010.0,1900.0,2010.0,6999
804,2015-07-26,2010.0,2091.0,2050.0,2091.0,2070
805,2015-07-27,2091.0,2300.0,2132.0,2300.0,46545
806,2015-07-28,2300.0,2305.0,2200.0,2250.0,15694
807,2015-07-29,2250.0,2250.0,2225.0,2240.0,7549
808,2015-07-30,2240.0,2346.0,2240.0,2300.0,5450
809,2015-08-02,2300.0,2346.0,2300.0,2310.0,6054
810,2015-08-03,2310.0,2310.0,2298.0,2309.0,6203
811,2015-08-04,2309.0,2310.0,2271.0,2289.0,6686
812,2015-08-05,2289.0,2290.0,2279.0,2280.0,6523
813,2015-08-06,2280.0,2340.0,2290.0,2300.0,9493
814,2015-08-09,2300.0,2398.0,2320.0,2398.0,7017
815,2015-08-10,2398.0,2493.0,2420.0,2490.0,7210
816,2015-08-11,2490.0,2500.0,2450.0,2470.0,5823
817,2015-08-12,2470.0,2480.0,2430.0,2471.0,4389
818,2015-08-13,2471.0,2500.0,2440.0,2500.0,7919
819,2015-08-16,2500.0,2650.0,2519.0,2595.0,8792
820,2015-08-17,2595.0,2750.0,2623.0,2690.0,14195
821,2015-08-18,2690.0,2784.0,2637.0,2700.0,14079
822,2015-08-18,2690.0,2784.0,2637.0,2700.0,14079
823,2015-08-19,2700.0,2709.0,2660.0,2690.0,7336
824,2015-08-20,2690.0,2794.0,2690.0,2695.0,8915
825,2015-08-23,2695.0,2719.0,2630.0,2670.0,7495
826,2015-08-24,2670.0,2680.0,2600.0,2610.0,7472
827,2015-08-25,2610.0,2600.0,2566.0,2579.0,2958
828,2015-08-26,2579.0,2585.0,2555.0,2556.0,1184
829,2015-08-27,2556.0,2615.0,2570.0,2580.0,5228
830,2015-08-31,2580.0,2600.0,2580.0,2599.0,5198
831,2015-09-01,2599.0,2606.0,2570.0,2579.0,4880
832,2015-09-02,2579.0,2550.0,2456.0,2480.0,5980
833,2015-09-03,2480.0,2505.0,2454.0,2465.0,7315
834,2015-09-06,2465.0,2475.0,2400.0,2450.0,7695
835,2015-09-07,2450.0,2510.0,2480.0,2499.0,6420
836,2015-09-08,2499.0,2548.0,2527.0,2531.0,5434
837,2015-09-09,2531.0,2550.0,2511.0,2511.0,2291
838,2015-09-10,2511.0,2515.0,2496.0,2500.0,3357
839,2015-09-13,2500.0,2530.0,2500.0,2505.0,3986
840,2015-09-14,2505.0,2630.0,2555.0,2578.0,5240
841,2015-09-15,2578.0,2674.0,2616.0,2674.0,7770
842,2015-09-16,2674.0,2720.0,2665.0,2675.0,8423
843,2015-09-17,2675.0,2725.0,2640.0,2640.0,7164
844,2015-09-22,2640.0,2601.0,2490.0,2510.0,6135
845,2015-09-23,2510.0,2710.0,2560.0,2600.0,4063
846,2015-09-24,2600.0,2610.0,2550.0,2575.0,2943
847,2015-09-28,2575.0,2524.0,2425.0,2491.0,7147
848,2015-09-29,2491.0,2550.0,2530.0,2540.0,1860
849,2015-09-30,2540.0,2580.0,2550.0,2560.0,3841
850,2015-10-01,2560.0,2579.0,2550.0,2550.0,4485
851,2015-10-04,2550.0,2600.0,2570.0,2570.0,3832
852,2015-10-05,2570.0,2519.0,2400.0,2440.0,8896
853,2015-10-06,2440.0,2415.0,2392.0,2395.0,5150
854,2015-10-07,2395.0,2390.0,2315.0,2350.0,4895
855,2015-10-08,2350.0,2440.0,2300.0,2440.0,8804
856,2015-10-11,2440.0,2480.0,2375.0,2375.0,5062
857,2015-10-14,2375.0,2398.0,2350.0,2375.0,1262
858,2015-10-15,2375.0,2360.0,2355.0,2360.0,645
859,2015-10-18,2360.0,2358.0,2350.0,2358.0,635
860,2015-10-19,2358.0,2430.0,2345.0,2400.0,1322
861,2015-10-25,2400.0,2356.0,2356.0,2356.0,200
862,2015-10-27,2356.0,2340.0,2280.0,2280.0,2207
863,2015-10-28,2280.0,2270.0,2190.0,2240.0,4705
864,2015-10-29,2240.0,2290.0,2242.0,2279.0,3741
865,2015-11-01,2279.0,2300.0,2250.0,2275.0,3800
866,2015-11-02,2275.0,2330.0,2290.0,2310.0,2382
867,2015-11-03,2310.0,2289.0,2266.0,2270.0,1031
868,2015-11-04,2270.0,2280.0,2270.0,2280.0,1000
869,2015-11-05,2280.0,2260.0,2250.0,2250.0,1347
870,2015-11-08,2250.0,2251.0,2225.0,2249.0,1418
871,2015-11-09,2249.0,2320.0,2270.0,2280.0,2009
872,2015-11-10,2280.0,2320.0,2300.0,2310.0,850
873,2015-11-15,2310.0,2305.0,2275.0,2305.0,911
874,2015-11-16,2305.0,2290.0,2275.0,2288.0,628
875,2015-11-18,2288.0,2315.0,2300.0,2309.0,1524
876,2015-11-19,2309.0,2300.0,2288.0,2288.0,1574
877,2015-11-22,2288.0,2255.0,2200.0,2205.0,2830
878,2015-11-23,2205.0,2210.0,2100.0,2210.0,1707
879,2015-11-24,2210.0,2210.0,2170.0,2180.0,3418
880,2015-11-25,2180.0,2160.0,2125.0,2130.0,1678
881,2015-11-26,2130.0,2130.0,2060.0,2100.0,4339
882,2015-11-29,2100.0,2100.0,2000.0,2020.0,7340
883,2015-11-30,2020.0,2090.0,2046.0,2090.0,3522
884,2015-12-01,2090.0,2220.0,2131.0,2200.0,2984
885,2015-12-02,2200.0,2250.0,2181.0,2248.0,6332
886,2015-12-03,2248.0,2300.0,2205.0,2300.0,9386
887,2015-12-06,1769.0,1840.0,1799.0,1819.0,2215
888,2015-12-07,1819.0,1950.0,1850.0,1895.0,3087
889,2015-12-08,1895.0,1900.0,1858.0,1900.0,670
890,2015-12-09,1900.0,1940.0,1910.0,1940.0,2083
891,2015-12-10,1940.0,1940.0,1900.0,1900.0,1769
892,2015-12-13,1900.0,1903.0,1881.0,1903.0,1240
893,2015-12-14,1903.0,1890.0,1880.0,1890.0,1024
894,2015-12-15,1890.0,1890.0,1860.0,1860.0,1870
895,2015-12-16,1860.0,1865.0,1850.0,1854.0,1084
896,2015-12-17,1854.0,1860.0,1810.0,1842.0,17060
897,2015-12-20,1842.0,1844.0,1815.0,1830.0,2620
898,2015-12-21,1830.0,1825.0,1800.0,1800.0,3696
899,2015-12-22,1800.0,1841.0,1800.0,1840.0,11125
900,2015-12-23,1840.0,1840.0,1800.0,1821.0,4272
901,2015-12-24,1821.0,1830.0,1810.0,1815.0,10147
902,2015-12-27,1815.0,1820.0,1800.0,1800.0,6169
903,2015-12-28,1800.0,1820.0,1800.0,1820.0,3102
904,2015-12-29,1820.0,1854.0,1820.0,1853.0,2077
905,2015-12-31,1853.0,1870.0,1855.0,1860.0,1657
906,2016-01-03,1860.0,1860.0,1825.0,1840.0,2053
907,2016-01-04,1840.0,1850.0,1800.0,1800.0,2496
908,2016-01-05,1800.0,1829.0,1798.0,1800.0,4394
909,2016-01-06,1800.0,1808.0,1795.0,1795.0,2708
910,2016-01-07,1795.0,1815.0,1800.0,1815.0,2329
911,2016-01-10,1815.0,1825.0,1810.0,1820.0,1164
912,2016-01-11,1820.0,1835.0,1820.0,1826.0,3689
913,2016-01-12,1826.0,1830.0,1820.0,1830.0,1925
914,2016-01-12,1826.0,1830.0,1820.0,1830.0,1925
915,2016-01-13,1830.0,1830.0,1814.0,1814.0,3603
916,2016-01-14,1814.0,1860.0,1820.0,1850.0,5613
917,2016-01-17,1850.0,1899.0,1870.0,1890.0,4290
918,2016-01-18,1890.0,1965.0,1920.0,1920.0,9726
919,2016-01-19,1920.0,1930.0,1880.0,1920.0,1608
920,2016-01-20,1920.0,1935.0,1915.0,1921.0,3643
921,2016-01-21,1921.0,1920.0,1905.0,1905.0,2078
922,2016-01-24,1905.0,1910.0,1882.0,1895.0,2193
923,2016-01-25,1895.0,1920.0,1900.0,1920.0,4535
924,2016-01-26,1920.0,1904.0,1888.0,1898.0,3551
925,2016-01-27,1898.0,1900.0,1884.0,1885.0,2929
926,2016-01-28,1885.0,1899.0,1880.0,1890.0,2050
927,2016-01-31,1890.0,1900.0,1880.0,1890.0,3302
928,2016-02-01,1890.0,1923.0,1892.0,1905.0,3476
929,2016-02-02,1905.0,1929.0,1890.0,1900.0,3778
930,2016-02-03,1900.0,1905.0,1894.0,1900.0,2036
931,2016-02-04,1900.0,1935.0,1905.0,1917.0,4192
932,2016-02-07,1917.0,1970.0,1930.0,1935.0,4515
933,2016-02-08,1935.0,1935.0,1915.0,1919.0,3886
934,2016-02-11,1919.0,1930.0,1900.0,1912.0,3387
935,2016-02-14,1912.0,1901.0,1890.0,1900.0,4307
936,2016-02-15,1900.0,1900.0,1875.0,1900.0,2053
937,2016-02-16,1900.0,1890.0,1880.0,1880.0,1449
938,2016-02-17,1880.0,1886.0,1878.0,1886.0,5273
939,2016-02-18,1886.0,1898.0,1887.0,1893.0,3228
940,2016-02-21,1893.0,1925.0,1893.0,1907.0,4217
941,2016-02-22,1907.0,1976.0,1900.0,1955.0,4212
942,2016-02-23,1955.0,1985.0,1940.0,1950.0,5681
943,2016-02-24,1950.0,1960.0,1915.0,1915.0,4195
944,2016-02-25,1915.0,1925.0,1877.0,1921.0,4285
945,2016-02-28,1921.0,1929.0,1920.0,1920.0,2725
946,2016-02-29,1920.0,1920.0,1900.0,1906.0,5612
947,2016-03-01,1906.0,1915.0,1900.0,1900.0,4458
948,2016-03-02,1900.0,1907.0,1900.0,1900.0,7900
949,2016-03-03,1900.0,1907.0,1891.0,1900.0,5331
950,2016-03-06,1900.0,1932.0,1909.0,1909.0,6376
951,2016-03-10,1909.0,1925.0,1890.0,1900.0,5309
952,2016-03-13,1900.0,1905.0,1895.0,1904.0,6881
953,2016-03-14,1904.0,1910.0,1895.0,1895.0,2691
954,2016-03-15,1895.0,1900.0,1880.0,1890.0,2344
955,2016-03-16,1890.0,1905.0,1885.0,1895.0,4862
956,2016-03-17,1895.0,1909.0,1887.0,1900.0,4783
957,2016-03-20,1900.0,1919.0,1900.0,1910.0,6955
958,2016-03-21,1910.0,1938.0,1910.0,1919.0,5128
959,2016-03-23,1919.0,1930.0,1918.0,1925.0,9561
960,2016-03-24,1925.0,1986.0,1930.0,1985.0,19150
961,2016-03-27,1985.0,2115.0,1990.0,2111.0,24872
962,2016-03-28,2111.0,2200.0,2111.0,2120.0,21421
963,2016-03-29,2120.0,2120.0,2069.0,2099.0,12316
964,2016-03-30,2099.0,2110.0,2089.0,2090.0,9623
965,2016-03-31,2090.0,2099.0,2050.0,2060.0,6321
966,2016-04-03,2060.0,2065.0,2008.0,2044.0,16615
967,2016-04-04,2044.0,2075.0,2044.0,2065.0,6426
968,2016-04-05,2065.0,2110.0,2080.0,2091.0,9382
969,2016-04-06,2091.0,2105.0,2082.0,2092.0,6587
970,2016-04-10,2092.0,2099.0,2080.0,2090.0,6121
971,2016-04-11,2090.0,2100.0,2075.0,2100.0,5118
972,2016-04-12,2100.0,2115.0,2095.0,2110.0,12264
973,2016-04-14,2110.0,2121.0,2110.0,2120.0,16535
974,2016-04-17,2120.0,2133.0,2115.0,2119.0,16462
975,2016-04-18,2119.0,2174.0,2120.0,2170.0,19064
976,2016-04-19,2170.0,2234.0,2196.0,2200.0,20539
977,2016-04-20,2200.0,2280.0,2240.0,2260.0,12612
978,2016-04-21,2260.0,2261.0,2220.0,2241.0,10389
979,2016-04-24,2241.0,2261.0,2235.0,2251.0,23129
980,2016-04-25,2251.0,2260.0,2231.0,2260.0,12157
981,2016-04-26,2260.0,2258.0,2230.0,2235.0,6028
982,2016-04-27,2235.0,2234.0,2205.0,2232.0,5481
983,2016-04-28,2232.0,2260.0,2236.0,2237.0,6911
984,2016-05-02,2237.0,2303.0,2250.0,2302.0,13851
985,2016-05-03,2302.0,2320.0,2281.0,2281.0,7205
986,2016-05-04,2281.0,2270.0,2251.0,2260.0,7234
987,2016-05-05,2260.0,2244.0,2200.0,2232.0,11076
988,2016-05-08,2232.0,2295.0,2260.0,2270.0,17095
989,2016-05-09,2270.0,2290.0,2265.0,2280.0,11426
990,2016-05-10,2280.0,2284.0,2262.0,2269.0,5672
991,2016-05-11,2269.0,2269.0,2241.0,2269.0,6580
992,2016-05-12,2269.0,2265.0,2242.0,2250.0,4234
993,2016-05-15,2250.0,2260.0,2237.0,2237.0,6561
994,2016-05-16,2237.0,2248.0,2226.0,2227.0,4570
995,2016-05-17,2227.0,2270.0,2195.0,2270.0,6183
996,2016-05-18,2270.0,2270.0,2260.0,2270.0,7071
997,2016-05-19,2270.0,2294.0,2260.0,2281.0,12779
998,2016-05-22,2281.0,2290.0,2270.0,2273.0,8195
999,2016-05-23,2273.0,2286.0,2275.0,2275.0,17102
1000,2016-05-24,2275.0,2315.0,2255.0,2310.0,22878
1001,2016-05-25,2310.0,2340.0,2255.0,2280.0,17473
1002,2016-05-26,2280.0,2295.0,2230.0,2271.0,21199
1003,2016-05-29,2271.0,2275.0,2251.0,2268.0,8274
1004,2016-05-30,2268.0,2260.0,2233.0,2241.0,5929
1005,2016-05-31,2241.0,2260.0,2211.0,2220.0,14443
1006,2016-06-01,2220.0,2230.0,2200.0,2220.0,13154
1007,2016-06-02,2220.0,2220.0,2190.0,2208.0,7999
1008,2016-06-05,2208.0,2205.0,2150.0,2150.0,9695
1009,2016-06-06,2150.0,2200.0,2170.0,2195.0,5723
1010,2016-06-07,2195.0,2240.0,2200.0,2235.0,2553
1011,2016-06-08,2235.0,2241.0,2225.0,2241.0,3432
1012,2016-06-09,2241.0,2241.0,2229.0,2239.0,6121
1013,2016-06-12,2239.0,2360.0,2200.0,2341.0,10137
1014,2016-06-13,2341.0,2433.0,2281.0,2310.0,11973
1015,2016-06-14,2310.0,2330.0,2280.0,2280.0,13714
1016,2016-06-15,2280.0,2310.0,2280.0,2289.0,4013
1017,2016-06-16,2289.0,2298.0,2280.0,2295.0,6768
1018,2016-06-19,2295.0,2299.0,2260.0,2275.0,2634
1019,2016-06-20,2275.0,2300.0,2275.0,2276.0,5110
1020,2016-06-21,2276.0,2295.0,2275.0,2286.0,7090
1021,2016-06-22,2286.0,2330.0,2290.0,2308.0,8859
1022,2016-06-23,2308.0,2380.0,2285.0,2340.0,15451
1023,2016-06-26,2340.0,2412.0,2350.0,2400.0,17602
1024,2016-06-27,2400.0,2460.0,2400.0,2450.0,26477
1025,2016-06-28,2450.0,2509.0,2450.0,2471.0,17785
1026,2016-06-29,2471.0,2490.0,2450.0,2450.0,5774
1027,2016-06-30,2450.0,2432.0,2382.0,2410.0,7877
1028,2016-07-03,2410.0,2404.0,2389.0,2400.0,7898
1029,2016-07-04,2400.0,2400.0,2380.0,2395.0,5504
1030,2016-07-05,2395.0,2400.0,2371.0,2380.0,9924
1031,2016-07-06,2380.0,2399.0,2370.0,2375.0,7384
1032,2016-07-10,2375.0,2408.0,2382.0,2395.0,12007
1033,2016-07-11,2395.0,2400.0,2360.0,2380.0,4852
1034,2016-07-12,2380.0,2382.0,2250.0,2363.0,11880
1035,2016-07-13,2363.0,2340.0,2281.0,2330.0,6603
1036,2016-07-14,2330.0,2397.0,2325.0,2344.0,8541
1037,2016-07-17,2344.0,2395.0,2345.0,2370.0,7199
1038,2016-07-18,2370.0,2417.0,2370.0,2389.0,12061
1039,2016-07-19,2389.0,2450.0,2390.0,2415.0,16715
1040,2016-07-20,2415.0,2463.0,2411.0,2420.0,14158
1041,2016-07-21,2420.0,2445.0,2400.0,2425.0,8852
1042,2016-07-25,2425.0,2480.0,2435.0,2460.0,10227
1043,2016-07-26,2460.0,2500.0,2445.0,2450.0,15494
1044,2016-07-27,2450.0,2480.0,2450.0,2466.0,13182
1045,2016-07-28,2466.0,2500.0,2435.0,2465.0,16728
1046,2016-07-31,2465.0,2495.0,2368.0,2463.0,9411
1047,2016-08-01,2463.0,2470.0,2420.0,2451.0,4693
1048,2016-08-02,2451.0,2440.0,2400.0,2440.0,2757
1049,2016-08-03,2440.0,2412.0,2376.0,2385.0,5966
1050,2016-08-04,2385.0,2385.0,2320.0,2342.0,7256
1051,2016-08-07,2342.0,2399.0,2340.0,2345.0,6957
1052,2016-08-08,2345.0,2316.0,2240.0,2240.0,5806
1053,2016-08-09,2240.0,2329.0,2284.0,2329.0,100
1054,2016-08-10,2329.0,2420.0,2290.0,2350.0,10963
1055,2016-08-11,2350.0,2397.0,2340.0,2360.0,6065
1056,2016-08-14,2360.0,2400.0,2321.0,2340.0,9548
1057,2016-08-15,2340.0,2300.0,2205.0,2260.0,6011
1058,2016-08-16,2260.0,2290.0,2215.0,2285.0,5042
1059,2016-08-17,2285.0,2305.0,2275.0,2290.0,5701
1060,2016-08-21,2290.0,2310.0,2280.0,2290.0,4223
1061,2016-08-22,2290.0,2300.0,2265.0,2277.0,5345
1062,2016-08-23,2277.0,2290.0,2270.0,2289.0,4326
1063,2016-08-24,2289.0,2305.0,2280.0,2300.0,5288
1064,2016-08-28,2300.0,2340.0,2274.0,2325.0,7682
1065,2016-08-29,2325.0,2380.0,2320.0,2320.0,10886
1066,2016-08-30,2320.0,2380.0,2350.0,2368.0,3240
1067,2016-08-31,2368.0,2364.0,2340.0,2360.0,4905
1068,2016-09-01,2360.0,2377.0,2350.0,2365.0,5878
1069,2016-09-03,2365.0,2420.0,2372.0,2408.0,4415
1070,2016-09-04,2365.0,2420.0,2372.0,2408.0,4415
1071,2016-09-05,2408.0,2479.0,2450.0,2472.0,9127
1072,2016-09-06,2472.0,2495.0,2395.0,2450.0,9151
1073,2016-09-07,2450.0,2548.0,2450.0,2468.0,54493
1074,2016-09-08,2468.0,2469.0,2430.0,2438.0,15550
1075,2016-09-11,2438.0,2440.0,2400.0,2410.0,7702
1076,2016-09-12,2410.0,2405.0,2375.0,2390.0,10027
1077,2016-09-14,2390.0,2450.0,2400.0,2411.0,25405
1078,2016-09-18,2411.0,2430.0,2360.0,2369.0,24822
1079,2016-09-20,2369.0,2390.0,2340.0,2350.0,75157
1080,2016-09-22,1808.0,1800.0,1750.0,1765.0,16998
1081,2016-09-25,1765.0,1760.0,1700.0,1700.0,14267
1082,2016-09-26,1700.0,1781.0,1685.0,1781.0,6711
1083,2016-09-27,1781.0,1785.0,1760.0,1768.0,6462
1084,2016-09-28,1768.0,1770.0,1757.0,1764.0,2686
1085,2016-09-29,1764.0,1798.0,1760.0,1792.0,7195
1086,2016-10-02,1792.0,1800.0,1780.0,1780.0,9133
1087,2016-10-03,1780.0,1800.0,1782.0,1788.0,3604
1088,2016-10-04,1788.0,1809.0,1795.0,1800.0,10545
1089,2016-10-05,1800.0,1810.0,1780.0,1790.0,4046
1090,2016-10-06,1790.0,1800.0,1780.0,1780.0,6546
1091,2016-10-16,1780.0,1800.0,1760.0,1770.0,2605
1092,2016-10-17,1770.0,1780.0,1743.0,1774.0,4532
1093,2016-10-18,1774.0,1800.0,1746.0,1789.0,4476
1094,2016-10-19,1789.0,1795.0,1781.0,1790.0,3025
1095,2016-10-20,1790.0,1790.0,1775.0,1785.0,4051
1096,2016-10-23,1785.0,1785.0,1762.0,1765.0,8690
1097,2016-10-24,1765.0,1770.0,1740.0,1740.0,10127
1098,2016-10-25,1740.0,1741.0,1702.0,1729.0,2830
1099,2016-10-26,1729.0,1744.0,1705.0,1740.0,6550
1100,2016-10-27,1740.0,1755.0,1730.0,1755.0,3259
1101,2016-11-03,1755.0,1795.0,1760.0,1760.0,5932
1102,2016-11-07,1760.0,1760.0,1735.0,1739.0,4023
1103,2016-11-08,1739.0,1758.0,1712.0,1725.0,3671
1104,2016-11-09,1725.0,1716.0,1675.0,1708.0,5692
1105,2016-11-10,1708.0,1710.0,1697.0,1700.0,8482
1106,2016-11-13,1700.0,1720.0,1690.0,1703.0,9265
1107,2016-11-14,1703.0,1730.0,1703.0,1722.0,4633
1108,2016-11-15,1722.0,1725.0,1710.0,1716.0,4705
1109,2016-11-16,1716.0,1721.0,1695.0,1695.0,6094
1110,2016-11-17,1695.0,1705.0,1660.0,1670.0,8823
1111,2016-11-20,1670.0,1650.0,1596.0,1630.0,8592
1112,2016-11-21,1630.0,1680.0,1605.0,1635.0,5441
1113,2016-11-22,1635.0,1655.0,1605.0,1630.0,7277
1114,2016-11-23,1630.0,1626.0,1596.0,1600.0,8590
1115,2016-11-24,1600.0,1610.0,1589.0,1595.0,6007
1116,2016-11-27,1595.0,1588.0,1540.0,1555.0,4670
1117,2016-11-28,1555.0,1640.0,1450.0,1640.0,10412
1118,2016-11-29,1640.0,1655.0,1600.0,1655.0,7847
1119,2016-11-30,1655.0,1700.0,1640.0,1691.0,7451
1120,2016-12-01,1691.0,1734.0,1652.0,1674.0,7265
1121,2016-12-04,1674.0,1670.0,1600.0,1670.0,4200
1122,2016-12-05,1670.0,1690.0,1610.0,1640.0,2489
1123,2016-12-06,1640.0,1650.0,1618.0,1638.0,2942
1124,2016-12-07,1638.0,1640.0,1625.0,1635.0,944
1125,2016-12-08,1635.0,1635.0,1616.0,1630.0,2418
1126,2016-12-11,1630.0,1615.0,1600.0,1600.0,2229
1127,2016-12-12,1600.0,1605.0,1590.0,1590.0,3275
1128,2016-12-14,1590.0,1605.0,1575.0,1580.0,3618
1129,2016-12-15,1580.0,1596.0,1565.0,1580.0,3144
1130,2016-12-18,1580.0,1590.0,1565.0,1575.0,2536
1131,2016-12-19,1575.0,1581.0,1571.0,1580.0,6814
1132,2016-12-20,1580.0,1581.0,1565.0,1570.0,4956
1133,2016-12-21,1570.0,1561.0,1530.0,1533.0,2243
1134,2016-12-22,1533.0,1540.0,1524.0,1530.0,4389
1135,2016-12-26,1530.0,1518.0,1500.0,1508.0,5860
1136,2016-12-27,1508.0,1500.0,1421.0,1479.0,3491
1137,2016-12-28,1479.0,1485.0,1450.0,1475.0,6181
1138,2016-12-29,1475.0,1519.0,1481.0,1519.0,3186
1139,2017-01-01,1519.0,1548.0,1525.0,1530.0,3097
1140,2017-01-02,1530.0,1550.0,1525.0,1544.0,10617
1141,2017-01-03,1544.0,1550.0,1525.0,1525.0,5907
1142,2017-01-04,1525.0,1529.0,1515.0,1515.0,1430
1143,2017-01-05,1515.0,1520.0,1500.0,1505.0,4175
1144,2017-01-08,1505.0,1510.0,1495.0,1510.0,2781
1145,2017-01-09,1510.0,1529.0,1510.0,1519.0,1389
1146,2017-01-10,1519.0,1551.0,1525.0,1538.0,3248
1147,2017-01-11,1538.0,1565.0,1540.0,1565.0,4054
1148,2017-01-12,1565.0,1565.0,1546.0,1560.0,1982
1149,2017-01-15,1560.0,1550.0,1530.0,1540.0,2316
1150,2017-01-16,1540.0,1540.0,1505.0,1508.0,5298
1151,2017-01-17,1508.0,1525.0,1500.0,1505.0,3743
1152,2017-01-18,1505.0,1512.0,1490.0,1504.0,5013
1153,2017-01-19,1504.0,1515.0,1500.0,1500.0,3585
1154,2017-01-22,1500.0,1515.0,1500.0,1506.0,2713
1155,2017-01-23,1506.0,1516.0,1500.0,1500.0,2874
1156,2017-01-24,1500.0,1500.0,1481.0,1487.0,2963
1157,2017-01-25,1487.0,1459.0,1426.0,1441.0,7828
1158,2017-01-26,1441.0,1445.0,1400.0,1432.0,4524
1159,2017-01-30,1432.0,1425.0,1350.0,1365.0,6198
1160,2017-01-31,1365.0,1390.0,1304.0,1390.0,7174
1161,2017-02-01,1390.0,1450.0,1400.0,1442.0,5711
1162,2017-02-02,1442.0,1485.0,1440.0,1455.0,5462
1163,2017-02-05,1455.0,1480.0,1412.0,1455.0,4887
1164,2017-02-06,1455.0,1455.0,1420.0,1420.0,3203
1165,2017-02-07,1420.0,1422.0,1400.0,1405.0,7394
1166,2017-02-08,1405.0,1420.0,1382.0,1395.0,6077
1167,2017-02-09,1395.0,1391.0,1370.0,1370.0,4797
1168,2017-02-12,1370.0,1343.0,1295.0,1305.0,11250
1169,2017-02-13,1305.0,1380.0,1275.0,1370.0,10589
1170,2017-02-14,1370.0,1375.0,1346.0,1360.0,8847
1171,2017-02-15,1360.0,1412.0,1370.0,1412.0,6199
1172,2017-02-16,1412.0,1458.0,1415.0,1456.0,7547
1173,2017-02-19,1456.0,1500.0,1427.0,1496.0,7010
1174,2017-02-20,1496.0,1549.0,1510.0,1520.0,7377
1175,2017-02-21,1520.0,1550.0,1495.0,1515.0,7723
1176,2017-02-22,1515.0,1505.0,1475.0,1485.0,1883
1177,2017-02-23,1485.0,1485.0,1465.0,1471.0,2710
1178,2017-02-26,1471.0,1470.0,1405.0,1405.0,4770
1179,2017-02-28,1405.0,1400.0,1377.0,1395.0,4357
1180,2017-03-01,1395.0,1407.0,1388.0,1400.0,8356
1181,2017-03-02,1400.0,1421.0,1401.0,1420.0,3487
1182,2017-03-05,1420.0,1461.0,1395.0,1450.0,5909
1183,2017-03-06,1450.0,1470.0,1451.0,1469.0,3287
1184,2017-03-07,1469.0,1450.0,1424.0,1435.0,4045
1185,2017-03-09,1435.0,1463.0,1436.0,1436.0,3014
1186,2017-03-13,1436.0,1460.0,1435.0,1455.0,2366
1187,2017-03-14,1455.0,1465.0,1440.0,1449.0,1385
1188,2017-03-15,1449.0,1449.0,1421.0,1440.0,1235
1189,2017-03-16,1440.0,1449.0,1431.0,1440.0,3233
1190,2017-03-19,1440.0,1446.0,1430.0,1440.0,4640
1191,2017-03-20,1440.0,1465.0,1440.0,1460.0,10234
1192,2017-03-21,1460.0,1475.0,1450.0,1475.0,7625
1193,2017-03-22,1475.0,1538.0,1480.0,1481.0,12277
1194,2017-03-23,1481.0,1499.0,1465.0,1470.0,8543
1195,2017-03-26,1470.0,1529.0,1480.0,1500.0,14931
1196,2017-03-28,1500.0,1581.0,1529.0,1575.0,9939
1197,2017-03-29,1575.0,1606.0,1550.0,1570.0,18088
1198,2017-03-30,1570.0,1570.0,1541.0,1550.0,9746
1199,2017-04-02,1550.0,1591.0,1560.0,1579.0,8810
1200,2017-04-03,1579.0,1716.0,1550.0,1577.0,15195
1201,2017-04-04,1577.0,1594.0,1550.0,1580.0,8995
1202,2017-04-06,1580.0,1580.0,1556.0,1570.0,5503
1203,2017-04-09,1570.0,1585.0,1539.0,1568.0,4935
1204,2017-04-10,1568.0,1575.0,1550.0,1575.0,8280
1205,2017-04-11,1575.0,1628.0,1592.0,1600.0,9167
1206,2017-04-12,1600.0,1635.0,1592.0,1615.0,8132
1207,2017-04-13,1615.0,1600.0,1565.0,1590.0,4916
1208,2017-04-16,1590.0,1590.0,1540.0,1556.0,2911
1209,2017-04-18,1556.0,1556.0,1515.0,1515.0,2972
1210,2017-04-19,1515.0,1545.0,1500.0,1540.0,3753
1211,2017-04-20,1540.0,1570.0,1540.0,1551.0,4148
1212,2017-04-23,1551.0,1650.0,1580.0,1599.0,7475
1213,2017-04-24,1599.0,1600.0,1575.0,1599.0,4041
1214,2017-04-25,1599.0,1596.0,1570.0,1590.0,3009
1215,2017-04-26,1590.0,1579.0,1565.0,1574.0,2038
1216,2017-04-27,1574.0,1581.0,1557.0,1580.0,3571
1217,2017-04-30,1580.0,1580.0,1545.0,1545.0,6533
1218,2017-05-02,1545.0,1545.0,1535.0,1535.0,2341
1219,2017-05-03,1535.0,1596.0,1560.0,1569.0,3461
1220,2017-05-04,1569.0,1570.0,1552.0,1560.0,2743
1221,2017-05-07,1560.0,1560.0,1525.0,1535.0,3218
1222,2017-05-08,1535.0,1564.0,1520.0,1540.0,2702
1223,2017-05-09,1540.0,1580.0,1550.0,1560.0,2023
1224,2017-05-11,1560.0,1570.0,1560.0,1560.0,2672
1225,2017-05-15,1560.0,1577.0,1560.0,1560.0,3167
1226,2017-05-16,1560.0,1560.0,1536.0,1558.0,1888
1227,2017-05-17,1558.0,1560.0,1550.0,1560.0,2503
1228,2017-05-18,1560.0,1565.0,1540.0,1554.0,5123
1229,2017-05-21,1554.0,1560.0,1535.0,1550.0,1204
1230,2017-05-22,1550.0,1559.0,1535.0,1535.0,1271
1231,2017-05-23,1535.0,1560.0,1540.0,1550.0,3558
1232,2017-05-24,1550.0,1557.0,1541.0,1557.0,3326
1233,2017-05-28,1557.0,1553.0,1535.0,1538.0,4688
1234,2017-05-30,1538.0,1545.0,1499.0,1499.0,4117
1235,2017-05-31,1499.0,1515.0,1490.0,1500.0,5049
1236,2017-06-01,1500.0,1525.0,1495.0,1500.0,8966
1237,2017-06-04,1500.0,1501.0,1470.0,1480.0,8738
1238,2017-06-05,1480.0,1509.0,1480.0,1500.0,3695
1239,2017-06-06,1500.0,1530.0,1500.0,1519.0,8003
1240,2017-06-07,1519.0,1540.0,1514.0,1515.0,10804
1241,2017-06-08,1515.0,1515.0,1500.0,1512.0,3132
1242,2017-06-11,1512.0,1512.0,1470.0,1472.0,6190
1243,2017-06-12,1472.0,1479.0,1451.0,1460.0,9507
1244,2017-06-13,1460.0,1479.0,1455.0,1460.0,5712
1245,2017-06-14,1460.0,1460.0,1450.0,1452.0,10596
1246,2017-06-15,1452.0,1504.0,1458.0,1480.0,4356
1247,2017-06-18,1480.0,1480.0,1453.0,1459.0,3120
1248,2017-06-19,1459.0,1460.0,1445.0,1450.0,6395
1249,2017-06-20,1450.0,1455.0,1436.0,1442.0,4585
1250,2017-06-21,1442.0,1460.0,1450.0,1460.0,3699
1251,2017-06-22,1460.0,1484.0,1451.0,1452.0,3172
1252,2017-06-25,1452.0,1490.0,1465.0,1489.0,3963
1253,2017-06-27,1489.0,1499.0,1485.0,1491.0,3543
1254,2017-06-28,1491.0,1500.0,1485.0,1499.0,4402
1255,2017-07-02,1499.0,1499.0,1460.0,1479.0,3363
1256,2017-07-03,1479.0,1480.0,1470.0,1475.0,2096
1257,2017-07-04,1475.0,1479.0,1472.0,1476.0,2778
1258,2017-07-05,1476.0,1485.0,1475.0,1475.0,2783
1259,2017-07-06,1475.0,1500.0,1475.0,1500.0,3154
1260,2017-07-09,1500.0,1525.0,1490.0,1500.0,6988
1261,2017-07-10,1500.0,1505.0,1490.0,1493.0,6071
1262,2017-07-11,1493.0,1510.0,1500.0,1506.0,3583
1263,2017-07-12,1506.0,1520.0,1510.0,1519.0,2244
1264,2017-07-13,1519.0,1525.0,1512.0,1523.0,2709
1265,2017-07-16,1523.0,1530.0,1500.0,1530.0,2912
1266,2017-07-17,1530.0,1599.0,1540.0,1597.0,11170
1267,2017-07-18,1597.0,1650.0,1599.0,1638.0,12310
1268,2017-07-19,1638.0,1670.0,1650.0,1658.0,12595
1269,2017-07-20,1658.0,1670.0,1656.0,1658.0,6554
1270,2017-07-23,1658.0,1665.0,1630.0,1635.0,4811
1271,2017-07-24,1635.0,1650.0,1600.0,1610.0,4650
1272,2017-07-25,1610.0,1620.0,1607.0,1612.0,5546
1273,2017-07-26,1612.0,1643.0,1612.0,1620.0,3897
1274,2017-07-27,1620.0,1640.0,1625.0,1627.0,4790
1275,2017-07-30,1627.0,1630.0,1610.0,1620.0,3503
1276,2017-07-31,1620.0,1629.0,1620.0,1622.0,3329
1277,2017-08-01,1622.0,1642.0,1625.0,1635.0,3486
1278,2017-08-02,1635.0,1640.0,1630.0,1638.0,4095
1279,2017-08-03,1638.0,1675.0,1652.0,1667.0,15706
1280,2017-08-06,1667.0,1733.0,1700.0,1728.0,18127
1281,2017-08-07,1728.0,1773.0,1750.0,1768.0,17674
1282,2017-08-09,1768.0,1798.0,1775.0,1780.0,12288
1283,2017-08-10,1780.0,1779.0,1736.0,1758.0,10168
1284,2017-08-13,1758.0,1769.0,1745.0,1750.0,9970
1285,2017-08-15,1750.0,1749.0,1720.0,1720.0,5048
1286,2017-08-16,1720.0,1735.0,1713.0,1718.0,7982
1287,2017-08-17,1718.0,1751.0,1710.0,1737.0,10056
1288,2017-08-20,1737.0,1760.0,1732.0,1735.0,5888
1289,2017-08-21,1735.0,1730.0,1715.0,1720.0,3081
1290,2017-08-22,1720.0,1730.0,1717.0,1729.0,5422
1291,2017-08-23,1729.0,1740.0,1730.0,1730.0,4741
1292,2017-08-24,1730.0,1730.0,1718.0,1729.0,4183
1293,2017-08-27,1729.0,1810.0,1755.0,1767.0,31262
1294,2017-08-28,1767.0,1799.0,1758.0,1762.0,20703
1295,2017-08-30,1762.0,1770.0,1722.0,1737.0,11486
1296,2017-08-31,1737.0,1750.0,1699.0,1700.0,13665
1297,2017-09-04,1700.0,1701.0,1640.0,1665.0,13365
1298,2017-09-06,1665.0,1715.0,1670.0,1694.0,19799
1299,2017-09-07,1694.0,1700.0,1675.0,1675.0,28839
1300,2017-09-10,1675.0,1688.0,1632.0,1634.0,29951
1301,2017-09-11,1634.0,1650.0,1613.0,1630.0,63239
1302,2017-09-12,1254.0,1235.0,1191.0,1191.0,16172
1303,2017-09-13,1191.0,1190.0,1170.0,1185.0,6694
1304,2017-09-14,1185.0,1210.0,1189.0,1205.0,9574
1305,2017-09-17,1205.0,1255.0,1210.0,1245.0,8537
1306,2017-09-18,1245.0,1270.0,1255.0,1264.0,6829
1307,2017-09-20,1264.0,1274.0,1254.0,1254.0,5611
1308,2017-09-24,1254.0,1260.0,1242.0,1254.0,8497
1309,2017-09-25,1254.0,1265.0,1258.0,1260.0,2474
1310,2017-09-26,1260.0,1265.0,1251.0,1264.0,6134
1311,2017-10-03,1264.0,1265.0,1243.0,1265.0,1586
1312,2017-10-04,1265.0,1269.0,1245.0,1245.0,5471
1313,2017-10-08,1245.0,1245.0,1200.0,1218.0,5817
1314,2017-10-09,1218.0,1225.0,1200.0,1205.0,6902
1315,2017-10-10,1205.0,1211.0,1190.0,1205.0,2185
1316,2017-10-11,1205.0,1209.0,1199.0,1200.0,5616
1317,2017-10-12,1200.0,1205.0,1195.0,1200.0,6344
1318,2017-10-15,1200.0,1219.0,1200.0,1219.0,1432
1319,2017-10-16,1219.0,1285.0,1220.0,1285.0,6273
1320,2017-10-17,1285.0,1291.0,1265.0,1273.0,6476
1321,2017-10-18,1273.0,1280.0,1264.0,1277.0,4812
1322,2017-10-22,1277.0,1285.0,1270.0,1272.0,1070
1323,2017-10-23,1272.0,1280.0,1260.0,1265.0,1708
1324,2017-10-24,1265.0,1270.0,1251.0,1257.0,2908
1325,2017-10-25,1257.0,1265.0,1235.0,1235.0,2350
1326,2017-10-29,1235.0,1240.0,1225.0,1230.0,2416
1327,2017-10-30,1230.0,1234.0,1220.0,1225.0,5881
1328,2017-10-31,1225.0,1225.0,1210.0,1219.0,4315
1329,2017-11-01,1219.0,1235.0,1220.0,1220.0,3253
1330,2017-11-02,1220.0,1230.0,1208.0,1215.0,7706
1331,2017-11-05,1215.0,1210.0,1194.0,1203.0,7767
1332,2017-11-06,1203.0,1200.0,1180.0,1190.0,5666
1333,2017-11-07,1190.0,1195.0,1175.0,1179.0,9207
1334,2017-11-08,1179.0,1180.0,1165.0,1165.0,4291
1335,2017-11-09,1165.0,1165.0,1130.0,1130.0,18364
1336,2017-11-12,1130.0,1150.0,1121.0,1150.0,10024
1337,2017-11-13,1150.0,1165.0,1150.0,1161.0,10925
1338,2017-11-14,1161.0,1200.0,1163.0,1200.0,11066
1339,2017-11-15,1200.0,1208.0,1197.0,1200.0,8902
1340,2017-11-16,1200.0,1200.0,1180.0,1182.0,4677
1341,2017-11-19,1182.0,1200.0,1168.0,1168.0,2558
1342,2017-11-20,1168.0,1157.0,1140.0,1140.0,11937
1343,2017-11-21,1140.0,1162.0,1130.0,1145.0,4337
1344,2017-11-22,1145.0,1168.0,1160.0,1166.0,3050
1345,2017-11-23,1166.0,1175.0,1166.0,1166.0,5085
1346,2017-11-26,1166.0,1180.0,1170.0,1175.0,7461
1347,2017-11-27,1175.0,1184.0,1160.0,1165.0,7045
1348,2017-11-28,1165.0,1180.0,1165.0,1180.0,5031
1349,2017-11-29,1180.0,1190.0,1180.0,1180.0,11254
1350,2017-11-30,1180.0,1190.0,1170.0,1179.0,8116
1351,2017-12-04,1179.0,1181.0,1166.0,1166.0,4406
1352,2017-12-05,1166.0,1170.0,1155.0,1170.0,4113
1353,2017-12-06,1170.0,1180.0,1165.0,1168.0,4018
1354,2017-12-10,1168.0,1176.0,1155.0,1164.0,9654
1355,2017-12-11,1164.0,1167.0,1152.0,1167.0,2773
1356,2017-12-12,1167.0,1170.0,1153.0,1160.0,950
1357,2017-12-13,1160.0,1160.0,1155.0,1156.0,2013
1358,2017-12-14,1156.0,1169.0,1159.0,1160.0,1117
1359,2017-12-17,1160.0,1160.0,1150.0,1155.0,3691
1360,2017-12-18,1155.0,1164.0,1160.0,1160.0,1545
1361,2017-12-19,1160.0,1161.0,1155.0,1155.0,2366
1362,2017-12-20,1155.0,1160.0,1145.0,1155.0,2665
1363,2017-12-21,1155.0,1160.0,1145.0,1149.0,4245
1364,2017-12-24,1149.0,1155.0,1148.0,1150.0,4231
1365,2017-12-26,1150.0,1155.0,1130.0,1145.0,2029
1366,2017-12-27,1145.0,1143.0,1130.0,1134.0,2831
1367,2017-12-28,1134.0,1129.0,1085.0,1090.0,15690
1368,2017-12-31,1090.0,1090.0,1015.0,1020.0,19263
1369,2018-01-01,1020.0,1065.0,1020.0,1065.0,15122
1370,2018-01-02,1065.0,1101.0,1065.0,1080.0,24418
1371,2018-01-03,1080.0,1100.0,1050.0,1055.0,12532
1372,2018-01-04,1055.0,1081.0,1059.0,1080.0,7265
1373,2018-01-07,1080.0,1090.0,1074.0,1081.0,8667
1374,2018-01-08,1081.0,1097.0,1080.0,1089.0,14120
1375,2018-01-09,1089.0,1100.0,1089.0,1090.0,9727
1376,2018-01-10,1090.0,1093.0,1070.0,1070.0,12309
1377,2018-01-14,1070.0,1073.0,1055.0,1065.0,9390
1378,2018-01-16,1065.0,1066.0,1025.0,1030.0,22276
1379,2018-01-17,1030.0,1045.0,1010.0,1039.0,20617
1380,2018-01-21,1039.0,1045.0,1025.0,1039.0,12003
1381,2018-01-22,1039.0,1043.0,1033.0,1039.0,11946
1382,2018-01-23,1039.0,1040.0,1030.0,1031.0,6612
1383,2018-01-24,1031.0,1032.0,1010.0,1015.0,19823
1384,2018-01-25,1015.0,1039.0,1020.0,1037.0,8156
1385,2018-01-28,1037.0,1055.0,1044.0,1048.0,10059
1386,2018-01-29,1048.0,1055.0,1045.0,1052.0,11653
1387,2018-01-31,1052.0,1070.0,1058.0,1070.0,10033
1388,2018-02-01,1070.0,1098.0,1075.0,1090.0,12664
1389,2018-02-04,1090.0,1099.0,1086.0,1086.0,19894
1390,2018-02-05,1086.0,1092.0,1074.0,1077.0,12146
1391,2018-02-06,1077.0,1073.0,1065.0,1072.0,4578
1392,2018-02-07,1072.0,1066.0,1060.0,1066.0,7436
1393,2018-02-08,1066.0,1070.0,1057.0,1065.0,8717
1394,2018-02-11,1065.0,1070.0,1060.0,1070.0,6351
1395,2018-02-12,1070.0,1074.0,1061.0,1062.0,6125
1396,2018-02-14,1062.0,1075.0,1060.0,1068.0,11870
1397,2018-02-15,1068.0,1104.0,1075.0,1104.0,18692
1398,2018-02-18,1110.0,1126.0,1106.0,1112.0,19540
1399,2018-02-20,1120.0,1130.0,1093.0,1100.0,9378
1400,2018-02-21,1095.0,1096.0,1085.0,1095.0,2594
1401,2018-02-22,1100.0,1100.0,1086.0,1090.0,8036
1402,2018-02-25,1090.0,1090.0,1065.0,1070.0,10593
1403,2018-02-26,1080.0,1085.0,1059.0,1059.0,12348
1404,2018-02-27,1060.0,1075.0,1055.0,1068.0,19270
1405,2018-02-28,1060.0,1067.0,1055.0,1060.0,12588
1406,2018-03-04,1045.0,1045.0,1022.0,1034.0,13490
1407,2018-03-05,1054.0,1070.0,1031.0,1035.0,9593
1408,2018-03-06,1035.0,1060.0,1025.0,1050.0,15880
1409,2018-03-07,1051.0,1065.0,1051.0,1060.0,21280
1410,2018-03-11,1060.0,1060.0,1040.0,1044.0,11768
1411,2018-03-12,1040.0,1043.0,1035.0,1043.0,8110
1412,2018-03-13,1037.0,1041.0,1024.0,1030.0,14786
1413,2018-03-14,1040.0,1040.0,1030.0,1030.0,9600
1414,2018-03-15,1030.0,1035.0,1023.0,1023.0,11196
1415,2018-03-18,1025.0,1029.0,1019.0,1025.0,12162
1416,2018-03-19,1030.0,1030.0,1012.0,1015.0,12030
1417,2018-03-20,1010.0,1015.0,998.0,1015.0,23717
1418,2018-03-21,1000.0,1001.0,985.0,985.0,20783
1419,2018-03-22,976.0,990.0,969.0,975.0,20012
1420,2018-03-26,975.0,965.0,920.0,925.0,16921
1421,2018-03-27,925.0,950.0,888.0,939.0,25557
1422,2018-03-28,950.0,968.0,931.0,968.0,23753
1423,2018-03-29,974.0,987.0,967.0,970.0,18810
1424,2018-04-01,975.0,975.0,917.0,945.0,15347
1425,2018-04-02,945.0,949.0,937.0,945.0,8678
1426,2018-04-03,945.0,950.0,939.0,950.0,11371
1427,2018-04-04,952.0,965.0,950.0,965.0,16959
1428,2018-04-05,970.0,978.0,965.0,970.0,27949
1429,2018-04-08,972.0,1010.0,972.0,999.0,31730
1430,2018-04-09,1015.0,1030.0,994.0,994.0,35267
1431,2018-04-10,990.0,1000.0,980.0,986.0,11944
1432,2018-04-11,983.0,994.0,980.0,988.0,8026
1433,2018-04-12,999.0,999.0,988.0,989.0,14218
1434,2018-04-15,995.0,999.0,979.0,990.0,13102
1435,2018-04-16,990.0,999.0,980.0,996.0,8325
1436,2018-04-17,1000.0,1005.0,997.0,1002.0,16009
1437,2018-04-18,1005.0,1050.0,999.0,1040.0,21999
1438,2018-04-19,1050.0,1060.0,1041.0,1055.0,15695
1439,2018-04-22,1066.0,1076.0,1058.0,1065.0,20691
1440,2018-04-23,1081.0,1081.0,1050.0,1050.0,16208
1441,2018-04-24,1055.0,1064.0,1032.0,1032.0,8229
1442,2018-04-25,1040.0,1045.0,1030.0,1040.0,10589
1443,2018-04-26,1050.0,1050.0,1020.0,1030.0,13380
1444,2018-04-29,1015.0,1020.0,1002.0,1013.0,7378
1445,2018-05-02,1017.0,1025.0,996.0,1009.0,10811
1446,2018-05-03,1011.0,1025.0,1009.0,1009.0,6662
1447,2018-05-06,1005.0,1006.0,1000.0,1005.0,6340
1448,2018-05-07,1010.0,1010.0,998.0,999.0,6050
1449,2018-05-08,1006.0,1010.0,997.0,1010.0,8831
1450,2018-05-09,1005.0,1014.0,1003.0,1003.0,7968
1451,2018-05-10,1000.0,1010.0,996.0,1003.0,3212
1452,2018-05-14,1003.0,1004.0,990.0,1000.0,8898
1453,2018-05-15,1000.0,1007.0,995.0,1002.0,2596
1454,2018-05-16,1002.0,1002.0,999.0,1000.0,6058
1455,2018-05-17,1005.0,1005.0,1001.0,1002.0,3295
1456,2018-05-20,1022.0,1022.0,1000.0,1000.0,9372
1457,2018-05-21,1000.0,1010.0,996.0,999.0,6405
1458,2018-05-22,1000.0,1003.0,995.0,995.0,6365
1459,2018-05-23,995.0,999.0,984.0,987.0,5655
1460,2018-05-24,992.0,999.0,990.0,990.0,5307
1461,2018-05-27,990.0,990.0,978.0,989.0,3069
1462,2018-05-28,989.0,1012.0,985.0,1012.0,4170
1463,2018-05-29,1007.0,1010.0,999.0,999.0,4198
1464,2018-05-30,1000.0,1013.0,999.0,1000.0,2360
1465,2018-05-31,1005.0,1005.0,995.0,1000.0,3164
1466,2018-06-03,1000.0,1000.0,980.0,980.0,5913
1467,2018-06-04,970.0,985.0,970.0,979.0,3875
1468,2018-06-06,998.0,1000.0,988.0,990.0,1882
1469,2018-06-07,990.0,990.0,975.0,975.0,4786
1470,2018-06-10,970.0,970.0,944.0,956.0,5466
1471,2018-06-11,955.0,975.0,945.0,955.0,5198
1472,2018-06-12,960.0,960.0,945.0,955.0,4558
1473,2018-06-13,960.0,960.0,945.0,955.0,3803
1474,2018-06-14,960.0,963.0,955.0,958.0,947
1475,2018-06-17,955.0,959.0,940.0,942.0,3161
1476,2018-06-18,945.0,955.0,937.0,943.0,2878
1477,2018-06-19,944.0,944.0,940.0,941.0,1365
1478,2018-06-20,940.0,945.0,940.0,940.0,3344
1479,2018-06-21,945.0,945.0,940.0,942.0,2308
1480,2018-06-24,943.0,943.0,936.0,942.0,4494
1481,2018-06-25,945.0,945.0,930.0,932.0,4988
1482,2018-06-26,925.0,931.0,922.0,928.0,1174
1483,2018-06-27,930.0,935.0,921.0,930.0,5047
1484,2018-06-28,932.0,955.0,931.0,931.0,2623
1485,2018-07-01,945.0,945.0,925.0,928.0,4235
1486,2018-07-02,928.0,928.0,917.0,920.0,2420
1487,2018-07-03,920.0,926.0,918.0,920.0,5734
1488,2018-07-04,920.0,920.0,913.0,917.0,6221
1489,2018-07-05,920.0,928.0,919.0,924.0,12676
1490,2018-07-08,942.0,953.0,928.0,940.0,12880
1491,2018-07-09,941.0,941.0,918.0,918.0,11028
1492,2018-07-10,920.0,926.0,917.0,917.0,3949
1493,2018-07-11,920.0,928.0,917.0,918.0,9218
1494,2018-07-12,915.0,922.0,911.0,912.0,5387
1495,2018-07-15,912.0,920.0,912.0,920.0,5465
1496,2018-07-16,915.0,921.0,903.0,921.0,10813
1497,2018-07-17,917.0,917.0,899.0,900.0,64608
1498,2018-07-18,905.0,905.0,897.0,900.0,28537
1499,2018-07-19,900.0,905.0,898.0,900.0,36821
1500,2018-07-22,900.0,900.0,897.0,900.0,6188
1501,2018-07-23,899.0,900.0,898.0,900.0,11306
1502,2018-07-24,900.0,905.0,898.0,899.0,20936
1503,2018-07-25,900.0,900.0,897.0,897.0,7248
1504,2018-07-26,900.0,908.0,899.0,905.0,13263
1505,2018-07-29,919.0,919.0,909.0,910.0,5574
1506,2018-07-30,910.0,913.0,907.0,909.0,5174
1507,2018-07-31,905.0,910.0,905.0,905.0,5144
1508,2018-08-01,910.0,910.0,904.0,908.0,5960
1509,2018-08-02,908.0,909.0,904.0,906.0,5552
1510,2018-08-05,906.0,907.0,900.0,905.0,6414
1511,2018-08-06,907.0,907.0,900.0,903.0,6662
1512,2018-08-07,919.0,919.0,904.0,904.0,2142
1513,2018-08-08,905.0,910.0,903.0,904.0,2673
1514,2018-08-09,922.0,922.0,904.0,909.0,3307
1515,2018-08-12,910.0,910.0,894.0,900.0,6359
1516,2018-08-13,900.0,907.0,900.0,907.0,5383
1517,2018-08-14,907.0,907.0,900.0,907.0,6383
1518,2018-08-15,916.0,940.0,913.0,935.0,17869
1519,2018-08-16,930.0,966.0,930.0,957.0,17494
1520,2018-08-19,960.0,965.0,954.0,959.0,11046
1521,2018-08-20,960.0,960.0,942.0,948.0,9155
1522,2018-08-21,948.0,947.0,940.0,940.0,4925
1523,2018-08-22,935.0,945.0,935.0,945.0,2174
1524,2018-08-23,945.0,945.0,941.0,945.0,4749
1525,2018-08-26,945.0,948.0,944.0,945.0,5990
1526,2018-08-28,946.0,950.0,943.0,949.0,6091
1527,2018-08-29,947.0,949.0,945.0,947.0,3171
1528,2018-08-30,950.0,952.0,945.0,947.0,5231
1529,2018-09-02,949.0,952.0,946.0,950.0,7021
1530,2018-09-03,969.0,970.0,955.0,964.0,7503
1531,2018-09-04,970.0,971.0,961.0,966.0,8115
1532,2018-09-05,967.0,974.0,965.0,970.0,10041
1533,2018-09-06,972.0,984.0,963.0,965.0,16698
1534,2018-09-09,955.0,974.0,955.0,970.0,7541
1535,2018-09-10,965.0,967.0,960.0,964.0,7438
1536,2018-09-11,965.0,969.0,960.0,966.0,6852
1537,2018-09-12,966.0,967.0,965.0,965.0,4296
1538,2018-09-13,966.0,970.0,966.0,968.0,5373
1539,2018-09-16,970.0,974.0,968.0,969.0,9770
1540,2018-09-17,967.0,970.0,965.0,968.0,1984
1541,2018-09-18,970.0,970.0,966.0,968.0,5243
1542,2018-09-20,970.0,970.0,960.0,962.0,6516
1543,2018-09-23,961.0,964.0,950.0,961.0,3193
1544,2018-09-25,965.0,965.0,960.0,965.0,4909
1545,2018-09-26,960.0,969.0,960.0,966.0,9356
1546,2018-09-27,960.0,970.0,960.0,961.0,3070
1547,2018-09-30,961.0,961.0,950.0,950.0,7218
1548,2018-10-01,955.0,956.0,934.0,945.0,2593
1549,2018-10-02,945.0,950.0,940.0,945.0,3936
1550,2018-10-03,945.0,945.0,932.0,942.0,5114
1551,2018-10-04,940.0,958.0,916.0,944.0,5142
1552,2018-10-07,944.0,944.0,927.0,927.0,5803
1553,2018-10-08,927.0,944.0,927.0,929.0,3337
1554,2018-10-09,931.0,939.0,927.0,930.0,2484
1555,2018-10-10,929.0,932.0,927.0,930.0,4393
1556,2018-10-11,931.0,937.0,929.0,931.0,5113
1557,2018-10-14,935.0,939.0,935.0,938.0,1925
1558,2018-10-15,940.0,956.0,940.0,953.0,1245
1559,2018-10-21,955.0,955.0,950.0,953.0,193
1560,2018-10-22,951.0,959.0,950.0,951.0,1928
1561,2018-10-23,955.0,960.0,950.0,960.0,2006
1562,2018-10-24,960.0,970.0,956.0,962.0,3191
1563,2018-10-25,963.0,963.0,956.0,956.0,1044
1564,2018-10-28,956.0,956.0,939.0,942.0,2511
1565,2018-10-29,939.0,945.0,939.0,940.0,2862
1566,2018-10-30,940.0,945.0,940.0,940.0,1768
1567,2018-10-31,941.0,952.0,940.0,952.0,2427
1568,2018-11-01,940.0,949.0,940.0,946.0,1572
1569,2018-11-04,947.0,947.0,938.0,940.0,2099
1570,2018-11-05,939.0,940.0,935.0,938.0,2736
1571,2018-11-06,938.0,900.0,900.0,946.0,230
1572,2018-11-11,946.0,946.0,897.0,911.0,2235
1573,2018-11-12,910.0,911.0,897.0,904.0,4075
1574,2018-11-13,915.0,921.0,905.0,919.0,833
1575,2018-11-14,919.0,920.0,915.0,919.0,4373
1576,2018-11-15,920.0,940.0,920.0,926.0,7548
1577,2018-11-18,930.0,930.0,916.0,916.0,3113
1578,2018-11-19,915.0,918.0,908.0,917.0,2568
1579,2018-11-20,918.0,918.0,902.0,902.0,760
1580,2018-11-21,891.0,906.0,890.0,906.0,3991
1581,2018-11-22,910.0,915.0,900.0,900.0,4595
1582,2018-11-25,904.0,904.0,898.0,898.0,3792
1583,2018-11-26,898.0,898.0,888.0,888.0,5967
1584,2018-11-27,885.0,899.0,885.0,889.0,4029
1585,2018-11-28,892.0,900.0,888.0,889.0,5451
1586,2018-11-29,885.0,890.0,882.0,882.0,3294
1587,2018-12-02,880.0,880.0,865.0,865.0,4594
1588,2018-12-03,870.0,875.0,862.0,863.0,3135
1589,2018-12-04,860.0,860.0,841.0,860.0,13920
1590,2018-12-05,860.0,860.0,849.0,851.0,7992
1591,2018-12-06,850.0,850.0,830.0,850.0,6099
1592,2018-12-09,853.0,856.0,850.0,852.0,4171
1593,2018-12-10,855.0,860.0,850.0,853.0,8181
1594,2018-12-11,855.0,860.0,844.0,855.0,3869
1595,2018-12-12,855.0,860.0,845.0,851.0,3175
1596,2018-12-13,852.0,855.0,847.0,847.0,4879
1597,2018-12-16,859.0,859.0,850.0,853.0,9410
1598,2018-12-17,850.0,869.0,850.0,862.0,2512
1599,2018-12-18,862.0,862.0,856.0,858.0,5028
1600,2018-12-19,860.0,860.0,850.0,850.0,7082
1601,2018-12-20,855.0,860.0,845.0,851.0,3393
1602,2018-12-23,860.0,870.0,860.0,870.0,8974
1603,2018-12-24,870.0,876.0,865.0,868.0,5253
1604,2018-12-25,870.0,870.0,855.0,862.0,1588
1605,2018-12-26,870.0,870.0,860.0,864.0,7037
1606,2018-12-27,875.0,880.0,865.0,865.0,6193
1607,2018-12-30,866.0,877.0,865.0,866.0,4130
1608,2018-12-31,879.0,879.0,860.0,860.0,7190
1609,2019-01-01,861.0,863.0,851.0,851.0,5002
1610,2019-01-02,859.0,859.0,850.0,850.0,5122
1611,2019-01-03,851.0,855.0,841.0,841.0,9928
1612,2019-01-06,845.0,848.0,835.0,837.0,7310
1613,2019-01-07,838.0,840.0,835.0,835.0,4589
1614,2019-01-08,836.0,839.0,835.0,837.0,3971
1615,2019-01-09,840.0,840.0,834.0,834.0,4380
1616,2019-01-10,836.0,848.0,834.0,835.0,5480
1617,2019-01-13,851.0,851.0,838.0,838.0,3132
1618,2019-01-14,839.0,844.0,830.0,836.0,4045
1619,2019-01-15,842.0,842.0,834.0,842.0,2708
1620,2019-01-16,858.0,858.0,841.0,845.0,2960
1621,2019-01-17,845.0,845.0,836.0,844.0,2128
1622,2019-01-20,844.0,850.0,844.0,850.0,2650
1623,2019-01-21,842.0,848.0,836.0,843.0,3420
1624,2019-01-22,841.0,845.0,841.0,842.0,1670
1625,2019-01-23,843.0,850.0,838.0,838.0,4189
1626,2019-01-24,843.0,843.0,839.0,840.0,2567
1627,2019-01-27,841.0,841.0,832.0,838.0,3910
1628,2019-01-28,835.0,837.0,832.0,834.0,2227
1629,2019-01-29,830.0,835.0,830.0,830.0,6286
1630,2019-01-30,835.0,841.0,835.0,837.0,3605
1631,2019-01-31,838.0,844.0,838.0,841.0,4408
1632,2019-02-03,842.0,845.0,840.0,841.0,4165
1633,2019-02-04,837.0,838.0,825.0,829.0,5154
1634,2019-02-05,830.0,835.0,830.0,830.0,2150
1635,2019-02-06,825.0,829.0,825.0,828.0,3267
1636,2019-02-07,828.0,835.0,826.0,831.0,3757
1637,2019-02-10,830.0,830.0,820.0,824.0,2399
1638,2019-02-11,830.0,830.0,823.0,825.0,3879
1639,2019-02-12,826.0,830.0,825.0,825.0,2448
1640,2019-02-13,830.0,830.0,818.0,822.0,3151
1641,2019-02-14,820.0,825.0,818.0,818.0,2494
1642,2019-02-17,829.0,829.0,807.0,807.0,6470
1643,2019-02-18,815.0,815.0,778.0,783.0,29718
1644,2019-02-19,793.0,795.0,776.0,793.0,7663
1645,2019-02-20,793.0,793.0,780.0,789.0,9080
1646,2019-02-21,792.0,803.0,789.0,803.0,17561
1647,2019-02-24,810.0,810.0,792.0,795.0,15486
1648,2019-02-25,795.0,799.0,789.0,794.0,31622
1649,2019-02-26,700.0,700.0,678.0,687.0,9887
1650,2019-02-27,686.0,689.0,681.0,687.0,4794
1651,2019-03-03,690.0,691.0,680.0,682.0,8715
1652,2019-03-05,682.0,690.0,681.0,683.0,6279
1653,2019-03-06,683.0,688.0,680.0,686.0,10200
1654,2019-03-07,689.0,690.0,685.0,688.0,7555
1655,2019-03-10,689.0,691.0,686.0,691.0,1992
1656,2019-03-11,694.0,700.0,691.0,696.0,16082
1657,2019-03-12,705.0,720.0,705.0,720.0,12524
1658,2019-03-13,725.0,731.0,715.0,715.0,11208
1659,2019-03-14,719.0,720.0,708.0,715.0,3812
1660,2019-03-17,715.0,730.0,715.0,722.0,9881
1661,2019-03-18,726.0,730.0,722.0,722.0,9174
1662,2019-03-19,722.0,724.0,718.0,723.0,1020
1663,2019-03-21,722.0,722.0,708.0,710.0,8927
1664,2019-03-24,721.0,721.0,709.0,712.0,5859
1665,2019-03-25,709.0,716.0,709.0,712.0,7028
1666,2019-03-26,710.0,712.0,706.0,712.0,3898
1667,2019-03-27,713.0,715.0,709.0,709.0,9163
1668,2019-03-28,708.0,719.0,708.0,714.0,5004
1669,2019-03-31,715.0,717.0,707.0,712.0,7019
1670,2019-04-01,713.0,714.0,709.0,712.0,11973
1671,2019-04-02,713.0,718.0,710.0,717.0,15403
1672,2019-04-03,731.0,731.0,712.0,724.0,14196
1673,2019-04-04,724.0,728.0,718.0,727.0,8188
1674,2019-04-07,730.0,732.0,721.0,732.0,23725
1675,2019-04-08,735.0,755.0,730.0,740.0,23599
1676,2019-04-09,741.0,750.0,740.0,743.0,12325
1677,2019-04-10,749.0,749.0,735.0,740.0,8232
1678,2019-04-11,742.0,743.0,736.0,736.0,7882
1679,2019-04-15,736.0,746.0,736.0,746.0,3377
1680,2019-04-16,749.0,773.0,747.0,766.0,6057
1681,2019-04-17,775.0,780.0,766.0,773.0,11183
1682,2019-04-18,785.0,810.0,785.0,810.0,15287
1683,2019-04-21,815.0,867.0,815.0,866.0,28899
1684,2019-04-22,880.0,900.0,868.0,880.0,29675
1685,2019-04-23,875.0,890.0,859.0,881.0,15000
1686,2019-04-24,881.0,894.0,864.0,878.0,6811
1687,2019-04-25,890.0,895.0,877.0,880.0,9441
1688,2019-04-28,885.0,891.0,873.0,873.0,9506
1689,2019-04-29,875.0,880.0,866.0,868.0,8403
1690,2019-04-30,871.0,871.0,851.0,856.0,7584
1691,2019-05-02,850.0,855.0,845.0,847.0,6201
1692,2019-05-05,843.0,844.0,830.0,835.0,9479
1693,2019-05-06,845.0,855.0,834.0,851.0,8355
1694,2019-05-07,856.0,869.0,850.0,850.0,8243
1695,2019-05-08,855.0,855.0,840.0,846.0,7578
1696,2019-05-09,862.0,862.0,838.0,841.0,2950
1697,2019-05-12,841.0,845.0,831.0,841.0,3539
1698,2019-05-13,845.0,855.0,841.0,844.0,2652
1699,2019-05-14,840.0,850.0,837.0,848.0,3614
1700,2019-05-15,848.0,860.0,844.0,851.0,5163
1701,2019-05-16,851.0,858.0,845.0,845.0,6365
1702,2019-05-19,855.0,855.0,831.0,843.0,6356
1703,2019-05-20,849.0,849.0,830.0,830.0,5507
1704,2019-05-21,829.0,840.0,827.0,840.0,4169
1705,2019-05-22,856.0,856.0,835.0,841.0,1981
1706,2019-05-23,843.0,845.0,835.0,841.0,5508
1707,2019-05-26,857.0,857.0,835.0,840.0,5463
1708,2019-05-27,835.0,840.0,835.0,840.0,2539
1709,2019-05-28,830.0,844.0,830.0,836.0,2822
1710,2019-05-29,840.0,840.0,837.0,840.0,3151
1711,2019-05-30,856.0,882.0,847.0,847.0,9146
1712,2019-06-02,848.0,848.0,832.0,834.0,6077
1713,2019-06-03,835.0,835.0,830.0,833.0,2874
1714,2019-06-04,843.0,843.0,829.0,829.0,3935
1715,2019-06-06,832.0,832.0,826.0,828.0,4877
1716,2019-06-10,820.0,842.0,820.0,826.0,4518
1717,2019-06-11,825.0,826.0,820.0,822.0,8030
1718,2019-06-12,818.0,823.0,815.0,820.0,8943
1719,2019-06-13,820.0,834.0,818.0,827.0,9849
1720,2019-06-16,820.0,822.0,813.0,814.0,13511
1721,2019-06-17,814.0,816.0,807.0,816.0,10347
1722,2019-06-18,816.0,816.0,806.0,814.0,8230
1723,2019-06-19,829.0,829.0,803.0,814.0,3158
1724,2019-06-20,814.0,814.0,805.0,812.0,4301
1725,2019-06-23,820.0,820.0,804.0,805.0,5595
1726,2019-06-24,807.0,808.0,802.0,808.0,3446
1727,2019-06-25,805.0,810.0,800.0,810.0,4883
1728,2019-06-26,810.0,810.0,802.0,804.0,7826
1729,2019-06-27,805.0,815.0,799.0,800.0,12955
1730,2019-06-30,806.0,806.0,785.0,785.0,28406
1731,2019-07-01,783.0,785.0,780.0,785.0,8539
1732,2019-07-02,781.0,785.0,775.0,784.0,9500
1733,2019-07-03,787.0,799.0,775.0,795.0,7949
1734,2019-07-04,796.0,800.0,795.0,798.0,10401
1735,2019-07-07,800.0,805.0,790.0,790.0,6481
1736,2019-07-08,790.0,790.0,785.0,787.0,4253
1737,2019-07-09,787.0,806.0,786.0,806.0,11678
1738,2019-07-10,803.0,815.0,801.0,811.0,9931
1739,2019-07-11,813.0,824.0,813.0,823.0,8966
1740,2019-07-14,824.0,827.0,820.0,825.0,3781
1741,2019-07-15,826.0,833.0,799.0,799.0,30861
1742,2019-07-16,838.0,838.0,792.0,800.0,25920
1743,2019-07-17,800.0,814.0,800.0,813.0,17512
1744,2019-07-18,820.0,820.0,808.0,812.0,15304
1745,2019-07-21,808.0,810.0,800.0,801.0,19195
1746,2019-07-22,810.0,819.0,803.0,805.0,19698
1747,2019-07-23,810.0,810.0,802.0,808.0,13387
1748,2019-07-24,815.0,815.0,805.0,812.0,17884
1749,2019-07-25,807.0,811.0,800.0,805.0,11336
1750,2019-07-28,808.0,808.0,796.0,797.0,17431
1751,2019-07-29,800.0,805.0,798.0,803.0,10970
1752,2019-07-30,803.0,805.0,800.0,801.0,10926
1753,2019-07-31,800.0,805.0,800.0,800.0,9199
1754,2019-08-01,802.0,805.0,800.0,801.0,11281
1755,2019-08-04,802.0,803.0,796.0,799.0,11095
1756,2019-08-05,795.0,800.0,795.0,800.0,9946
1757,2019-08-06,795.0,795.0,789.0,790.0,13321
1758,2019-08-07,790.0,795.0,784.0,790.0,9174
1759,2019-08-08,794.0,796.0,787.0,790.0,10432
1760,2019-08-11,788.0,788.0,781.0,784.0,9920
1761,2019-08-12,782.0,788.0,782.0,783.0,5650
1762,2019-08-13,785.0,785.0,781.0,782.0,6190
1763,2019-08-14,784.0,784.0,775.0,779.0,11640
1764,2019-08-15,782.0,785.0,780.0,784.0,13055
1765,2019-08-18,790.0,790.0,779.0,779.0,12387
1766,2019-08-19,779.0,784.0,776.0,778.0,10297
1767,2019-08-20,782.0,782.0,777.0,778.0,12518
1768,2019-08-21,777.0,779.0,775.0,778.0,13659
1769,2019-08-22,778.0,781.0,777.0,777.0,7473
1770,2019-08-25,771.0,780.0,771.0,776.0,7386
1771,2019-08-26,776.0,776.0,760.0,775.0,23330
1772,2019-08-27,772.0,780.0,771.0,778.0,5949
1773,2019-08-28,780.0,790.0,770.0,770.0,4274
1774,2019-08-29,771.0,775.0,768.0,770.0,9213
1775,2019-09-01,771.0,772.0,767.0,769.0,9261
1776,2019-09-02,769.0,769.0,756.0,758.0,6969
1777,2019-09-03,758.0,775.0,750.0,774.0,8894
1778,2019-09-04,780.0,781.0,770.0,777.0,15241
1779,2019-09-05,792.0,792.0,777.0,780.0,8861
1780,2019-09-08,778.0,781.0,775.0,776.0,9562
1781,2019-09-09,775.0,778.0,770.0,776.0,4931
1782,2019-09-10,772.0,775.0,767.0,769.0,7569
1783,2019-09-11,765.0,772.0,765.0,772.0,4673
1784,2019-09-12,770.0,771.0,765.0,770.0,10514
1785,2019-09-15,770.0,775.0,759.0,759.0,6359
1786,2019-09-16,756.0,756.0,742.0,742.0,10591
1787,2019-09-17,745.0,772.0,745.0,750.0,10137
1788,2019-09-18,765.0,780.0,762.0,775.0,7924
1789,2019-09-19,784.0,784.0,772.0,775.0,6481
1790,2019-09-22,768.0,770.0,762.0,765.0,7591
1791,2019-09-23,761.0,768.0,760.0,760.0,6194
1792,2019-09-24,760.0,760.0,757.0,760.0,7998
1793,2019-09-25,760.0,765.0,759.0,759.0,3910
1794,2019-09-26,760.0,762.0,755.0,759.0,3989
1795,2019-09-29,760.0,760.0,751.0,752.0,3598
1796,2019-09-30,760.0,760.0,754.0,760.0,4706
1797,2019-10-01,763.0,777.0,761.0,772.0,2719
1798,2019-10-02,777.0,780.0,770.0,772.0,4486
1799,2019-10-03,778.0,778.0,769.0,769.0,5226
1800,2019-10-10,765.0,773.0,765.0,770.0,728
1801,2019-10-14,770.0,770.0,757.0,765.0,16518
1802,2019-10-15,765.0,765.0,760.0,763.0,4973
1803,2019-10-16,768.0,768.0,754.0,762.0,4902
1804,2019-10-17,762.0,765.0,759.0,760.0,8157
1805,2019-10-20,766.0,766.0,756.0,757.0,4145
1806,2019-10-21,757.0,764.0,755.0,758.0,6056
1807,2019-10-22,758.0,762.0,754.0,756.0,17493
1808,2019-10-23,756.0,765.0,756.0,762.0,3122
1809,2019-10-24,765.0,768.0,755.0,768.0,8808
1810,2019-10-31,768.0,768.0,753.0,761.0,6352
1811,2019-11-03,760.0,760.0,752.0,760.0,8041
1812,2019-11-04,764.0,780.0,762.0,768.0,25965
1813,2019-11-05,775.0,777.0,763.0,770.0,16182
1814,2019-11-06,774.0,774.0,765.0,768.0,13493
1815,2019-11-07,772.0,772.0,755.0,755.0,23312
1816,2019-11-10,760.0,763.0,753.0,755.0,10153
1817,2019-11-11,759.0,765.0,750.0,753.0,15505
1818,2019-11-12,760.0,760.0,749.0,750.0,21447
1819,2019-11-13,750.0,755.0,750.0,750.0,6681
1820,2019-11-14,750.0,754.0,749.0,749.0,3797
1821,2019-11-17,753.0,755.0,745.0,755.0,7383
1822,2019-11-18,755.0,756.0,750.0,755.0,23592
1823,2019-11-19,755.0,755.0,750.0,753.0,18207
1824,2019-11-20,755.0,760.0,750.0,750.0,29088
1825,2019-11-21,750.0,750.0,739.0,740.0,7681
1826,2019-11-24,739.0,742.0,730.0,730.0,12391
1827,2019-11-25,731.0,732.0,727.0,730.0,10567
1828,2019-11-26,726.0,735.0,725.0,730.0,8682
1829,2019-11-27,731.0,735.0,729.0,732.0,18463
1830,2019-11-28,732.0,733.0,724.0,725.0,15634
1831,2019-12-01,725.0,730.0,723.0,723.0,24232
1832,2019-12-02,726.0,726.0,723.0,725.0,6572
1833,2019-12-03,728.0,730.0,725.0,725.0,9589
1834,2019-12-04,727.0,729.0,725.0,725.0,9772
1835,2019-12-05,730.0,737.0,728.0,730.0,13130
1836,2019-12-08,739.0,739.0,725.0,729.0,11013
1837,2019-12-09,730.0,749.0,730.0,736.0,5466
1838,2019-12-10,736.0,745.0,736.0,743.0,4466
1839,2019-12-11,745.0,750.0,743.0,747.0,8847
1840,2019-12-12,750.0,751.0,744.0,749.0,16206
1841,2019-12-15,755.0,755.0,744.0,744.0,16928
1842,2019-12-16,750.0,750.0,737.0,737.0,11742
1843,2019-12-17,746.0,747.0,739.0,743.0,9416
1844,2019-12-18,748.0,750.0,742.0,748.0,15298
1845,2019-12-19,749.0,755.0,749.0,753.0,15015
1846,2019-12-22,755.0,760.0,750.0,756.0,34362
1847,2019-12-23,760.0,762.0,750.0,750.0,66023
1848,2019-12-24,662.0,670.0,660.0,667.0,22863
1849,2019-12-25,665.0,669.0,665.0,669.0,12220
1850,2019-12-26,667.0,677.0,665.0,676.0,14538
1851,2019-12-29,678.0,679.0,673.0,674.0,14830
1852,2019-12-30,673.0,687.0,673.0,675.0,17063
1853,2019-12-31,679.0,682.0,676.0,681.0,15116
1854,2020-01-01,683.0,690.0,680.0,690.0,10882
1855,2020-01-02,688.0,690.0,684.0,685.0,20018
1856,2020-01-05,690.0,699.0,690.0,697.0,17152
1857,2020-01-06,700.0,715.0,700.0,713.0,23487
1858,2020-01-07,725.0,734.0,719.0,722.0,24397
1859,2020-01-08,725.0,725.0,715.0,721.0,17879
1860,2020-01-09,711.0,723.0,711.0,716.0,9624
1861,2020-01-12,722.0,728.0,720.0,726.0,30359
1862,2020-01-13,735.0,749.0,726.0,730.0,40571
1863,2020-01-14,735.0,735.0,716.0,730.0,12535
1864,2020-01-15,735.0,743.0,733.0,740.0,11175
1865,2020-01-16,740.0,759.0,740.0,751.0,26914
1866,2020-01-19,760.0,766.0,757.0,764.0,22863
1867,2020-01-20,779.0,780.0,755.0,761.0,25615
1868,2020-01-21,767.0,767.0,749.0,755.0,18428
1869,2020-01-22,750.0,756.0,745.0,745.0,12755
1870,2020-01-23,745.0,745.0,722.0,727.0,19663
1871,2020-01-26,727.0,727.0,709.0,712.0,20914
1872,2020-01-27,712.0,729.0,706.0,720.0,17628
1873,2020-01-28,734.0,735.0,725.0,725.0,15203
1874,2020-01-29,727.0,732.0,721.0,724.0,10541
1875,2020-01-30,724.0,737.0,724.0,736.0,14728
1876,2020-02-02,740.0,754.0,740.0,752.0,37634
1877,2020-02-03,757.0,758.0,733.0,738.0,33172
1878,2020-02-04,741.0,744.0,732.0,739.0,27241
1879,2020-02-05,739.0,739.0,734.0,734.0,20827
1880,2020-02-06,735.0,740.0,726.0,726.0,15362
1881,2020-02-09,732.0,732.0,720.0,721.0,18422
1882,2020-02-10,725.0,727.0,716.0,720.0,23380
1883,2020-02-11,716.0,730.0,715.0,723.0,27491
1884,2020-02-12,729.0,729.0,721.0,722.0,11735
1885,2020-02-13,725.0,727.0,721.0,723.0,16258
1886,2020-02-16,726.0,726.0,719.0,724.0,17985
1887,2020-02-17,738.0,757.0,728.0,750.0,51893
1888,2020-02-18,764.0,765.0,744.0,753.0,47604
1889,2020-02-19,752.0,753.0,746.0,751.0,23379
1890,2020-02-20,752.0,755.0,746.0,755.0,21585
1891,2020-02-23,758.0,804.0,758.0,790.0,65129
1892,2020-02-24,805.0,821.0,791.0,800.0,93540
1893,2020-02-25,805.0,814.0,779.0,814.0,37640
1894,2020-02-26,830.0,875.0,828.0,870.0,83212
1895,2020-02-27,861.0,955.0,845.0,955.0,167082
1896,2020-03-01,965.0,1000.0,936.0,940.0,163043
1897,2020-03-02,926.0,939.0,850.0,850.0,68203
1898,2020-03-03,835.0,910.0,815.0,888.0,150206
1899,2020-03-04,888.0,888.0,838.0,847.0,107177
1900,2020-03-05,831.0,852.0,813.0,840.0,78904
1901,2020-03-10,824.0,824.0,776.0,776.0,60824
1902,2020-03-11,791.0,822.0,766.0,815.0,83501
1903,2020-03-12,831.0,831.0,784.0,790.0,65403
1904,2020-03-15,780.0,787.0,748.0,750.0,70304
1905,2020-03-16,741.0,764.0,723.0,750.0,55501
1906,2020-03-17,765.0,765.0,721.0,731.0,46620
1907,2020-03-18,731.0,739.0,700.0,715.0,43913
1908,2020-03-19,701.0,740.0,690.0,730.0,55806
1909,2020-03-22,744.0,744.0,700.0,701.0,15101
