Date,Open,High,Low,Close,Vol
2012-01-01,873.0,879.0,851.0,879.0,799
2012-01-02,879.0,913.0,882.0,900.0,"1,002"
2012-01-03,900.0,916.0,892.0,892.0,"2,653"
2012-01-04,892.0,875.0,842.0,865.0,490
2012-01-05,865.0,875.0,858.0,858.0,121
2012-01-08,858.0,845.0,814.0,830.0,"4,835"
2012-01-09,830.0,846.0,830.0,846.0,195
2012-01-10,858.0,862.0,845.0,845.0,658
2012-01-11,845.0,874.0,845.0,874.0,969
2012-01-12,874.0,904.0,860.0,904.0,773
2012-01-16,904.0,886.0,867.0,879.0,235
2012-01-17,879.0,865.0,820.0,861.0,"2,244"
2012-01-19,861.0,882.0,830.0,882.0,"1,617"
2012-01-22,882.0,870.0,836.0,836.0,"1,273"
2012-01-23,836.0,843.0,826.0,835.0,"1,255"
2012-01-25,835.0,840.0,825.0,840.0,442
2012-01-26,840.0,830.0,826.0,830.0,408
2012-01-29,830.0,830.0,823.0,830.0,496
2012-01-31,830.0,845.0,842.0,842.0,143
2012-02-01,842.0,840.0,832.0,832.0,250
2012-02-02,832.0,850.0,833.0,850.0,382
2012-02-05,850.0,840.0,824.0,829.0,"1,035"
2012-02-06,829.0,829.0,824.0,824.0,545
2012-02-07,824.0,833.0,820.0,830.0,816
2012-02-08,830.0,841.0,830.0,841.0,187
2012-02-09,841.0,840.0,830.0,840.0,437
2012-02-12,840.0,843.0,828.0,843.0,"1,780"
2012-02-13,843.0,876.0,832.0,876.0,885
2012-02-14,876.0,870.0,860.0,860.0,447
2012-02-15,860.0,860.0,843.0,843.0,182
2012-02-16,843.0,850.0,833.0,850.0,"1,286"
2012-02-21,850.0,850.0,836.0,850.0,170
2012-02-23,850.0,850.0,845.0,850.0,79
2012-02-26,850.0,856.0,833.0,844.0,"1,025"
2012-02-27,844.0,847.0,831.0,847.0,"1,055"
2012-02-28,847.0,867.0,845.0,867.0,825
2012-02-29,867.0,869.0,860.0,861.0,602
2012-03-01,861.0,887.0,865.0,887.0,497
2012-03-04,887.0,876.0,870.0,874.0,590
2012-03-05,874.0,887.0,866.0,883.0,571
2012-03-06,883.0,885.0,875.0,882.0,301
2012-03-11,882.0,885.0,868.0,885.0,361
2012-03-12,885.0,882.0,880.0,880.0,256
2012-03-13,880.0,880.0,863.0,880.0,501
2012-03-14,880.0,875.0,860.0,860.0,389
2012-03-15,860.0,852.0,836.0,852.0,446
2012-03-18,852.0,869.0,850.0,867.0,168
2012-03-19,867.0,882.0,853.0,882.0,281
2012-03-20,882.0,874.0,847.0,874.0,307
2012-03-21,874.0,878.0,850.0,878.0,900
2012-03-25,878.0,878.0,845.0,878.0,521
2012-03-26,878.0,861.0,861.0,861.0,50
2012-03-27,861.0,873.0,850.0,867.0,342
2012-03-28,867.0,867.0,850.0,867.0,317
2012-03-29,867.0,867.0,850.0,867.0,64
2012-04-01,867.0,852.0,835.0,852.0,981
2012-04-02,852.0,880.0,852.0,880.0,270
2012-04-03,880.0,891.0,867.0,875.0,145
2012-04-04,875.0,902.0,878.0,902.0,106
2012-04-08,902.0,895.0,879.0,895.0,318
2012-04-09,895.0,901.0,884.0,901.0,906
2012-04-10,901.0,892.0,890.0,890.0,249
2012-04-11,890.0,925.0,885.0,910.0,"1,173"
2012-04-12,910.0,988.0,920.0,988.0,"1,316"
2012-04-15,988.0,1075.0,1007.0,1075.0,"1,840"
2012-04-17,1075.0,1182.0,994.0,1000.0,"2,664"
2012-04-18,1000.0,1081.0,951.0,1081.0,"1,741"
2012-04-19,1081.0,1144.0,1078.0,1130.0,"3,104"
2012-04-22,1130.0,1200.0,1130.0,1200.0,"3,423"
2012-04-24,1200.0,1320.0,1224.0,1320.0,880
2012-04-25,1320.0,1452.0,1346.0,1450.0,"3,631"
2012-04-26,1450.0,1550.0,1400.0,1550.0,"6,246"
2012-04-29,1550.0,1538.0,1461.0,1500.0,"4,632"
2012-04-30,1500.0,1470.0,1380.0,1400.0,"2,746"
2012-05-02,1400.0,1372.0,1260.0,1260.0,956
2012-05-03,1260.0,1386.0,1285.0,1386.0,522
2012-05-07,1386.0,1524.0,1413.0,1524.0,"1,302"
2012-05-08,1524.0,1585.0,1470.0,1524.0,"4,092"
2012-05-09,1524.0,1554.0,1415.0,1459.0,"6,781"
2012-05-10,1459.0,1453.0,1387.0,1420.0,"3,591"
2012-05-13,1420.0,1392.0,1290.0,1302.0,"1,788"
2012-05-14,1302.0,1276.0,1200.0,1219.0,"2,577"
2012-05-15,1219.0,1340.0,1219.0,1340.0,"2,424"
2012-05-16,1340.0,1474.0,1340.0,1474.0,"1,090"
2012-05-17,1474.0,1563.0,1421.0,1450.0,"6,367"
2012-05-20,1450.0,1458.0,1390.0,1450.0,"1,648"
2012-05-21,1450.0,1460.0,1400.0,1445.0,"3,948"
2012-05-22,1445.0,1438.0,1380.0,1438.0,"1,664"
2012-05-23,1438.0,1410.0,1325.0,1325.0,617
2012-05-24,1325.0,1400.0,1300.0,1369.0,"3,006"
2012-05-27,1369.0,1448.0,1372.0,1420.0,"4,735"
2012-05-29,1420.0,1392.0,1338.0,1338.0,30
2012-05-30,1338.0,1312.0,1205.0,1205.0,399
2012-05-31,1205.0,1228.0,1113.0,1200.0,"5,417"
2012-06-03,1200.0,1320.0,1210.0,1313.0,"2,718"
2012-06-04,1313.0,1313.0,1265.0,1290.0,"2,280"
2012-06-05,1290.0,1265.0,1217.0,1242.0,"1,088"
2012-06-06,1242.0,1221.0,1190.0,1206.0,"4,535"
2012-06-07,1206.0,1258.0,1210.0,1225.0,"1,504"
2012-06-10,1225.0,1210.0,1188.0,1205.0,"1,572"
2012-06-11,1205.0,1253.0,1200.0,1200.0,602
2012-06-12,1200.0,1210.0,1195.0,1210.0,"1,025"
2012-06-13,1210.0,1220.0,1201.0,1220.0,197
2012-06-14,1220.0,1215.0,1196.0,1212.0,903
2012-06-17,1212.0,1205.0,1194.0,1205.0,306
2012-06-18,1205.0,1224.0,1200.0,1210.0,320
2012-06-19,1210.0,1211.0,1186.0,1211.0,624
2012-06-20,1211.0,1258.0,1195.0,1212.0,226
2012-06-21,1212.0,1212.0,1200.0,1205.0,730
2012-06-25,1205.0,1264.0,1197.0,1264.0,721
2012-06-26,1264.0,1239.0,1218.0,1226.0,358
2012-06-27,1226.0,1264.0,1240.0,1249.0,"1,302"
2012-06-28,1249.0,1298.0,1250.0,1267.0,"1,238"
2012-07-01,1267.0,1260.0,1250.0,1260.0,"1,135"
2012-07-02,1260.0,1250.0,1242.0,1245.0,790
2012-07-03,1245.0,1280.0,1250.0,1280.0,"1,302"
2012-07-04,1280.0,1325.0,1281.0,1302.0,784
2012-07-05,1302.0,1293.0,1276.0,1293.0,789
2012-07-08,1293.0,1281.0,1265.0,1281.0,"1,230"
2012-07-09,1281.0,1285.0,1260.0,1275.0,907
2012-07-10,1275.0,1302.0,1288.0,1300.0,955
2012-07-11,1300.0,1316.0,1310.0,1310.0,"1,338"
2012-07-12,1310.0,1319.0,1301.0,1319.0,"1,100"
2012-07-15,1319.0,1365.0,1338.0,1355.0,"1,155"
2012-07-16,1355.0,1353.0,1340.0,1350.0,904
2012-07-17,1350.0,1371.0,1350.0,1371.0,"2,701"
2012-07-18,1371.0,1395.0,1368.0,1382.0,"2,406"
2012-07-19,1382.0,1443.0,1400.0,1430.0,"1,362"
2012-07-22,1430.0,1478.0,1430.0,1475.0,"4,131"
2012-07-23,1475.0,1502.0,1478.0,1483.0,"3,631"
2012-07-24,1483.0,1486.0,1447.0,1474.0,"3,187"
2012-07-25,1474.0,1490.0,1462.0,1470.0,"2,707"
2012-07-26,1470.0,1465.0,1450.0,1450.0,"1,828"
2012-07-29,1450.0,1450.0,1431.0,1440.0,943
2012-07-30,1440.0,1455.0,1420.0,1450.0,"2,028"
2012-07-31,1450.0,1462.0,1441.0,1450.0,651
2012-08-01,1450.0,1470.0,1450.0,1460.0,"2,222"
2012-08-05,1460.0,1470.0,1440.0,1470.0,969
2012-08-06,1470.0,1481.0,1470.0,1478.0,897
2012-08-07,1478.0,1486.0,1470.0,1480.0,975
2012-08-08,1480.0,1475.0,1460.0,1469.0,"1,167"
2012-08-12,1469.0,1460.0,1451.0,1451.0,508
2012-08-13,1451.0,1500.0,1455.0,1461.0,"3,040"
2012-08-14,1461.0,1473.0,1450.0,1455.0,"1,350"
2012-08-15,1455.0,1460.0,1445.0,1450.0,"2,545"
2012-08-16,1450.0,1475.0,1447.0,1469.0,"2,466"
2012-08-19,1469.0,1451.0,1441.0,1451.0,385
2012-08-21,1451.0,1465.0,1430.0,1465.0,"2,488"
2012-08-22,1465.0,1472.0,1451.0,1462.0,"1,036"
2012-08-23,1462.0,1468.0,1441.0,1465.0,"1,546"
2012-08-26,1465.0,1465.0,1430.0,1439.0,569
2012-08-27,1439.0,1450.0,1436.0,1450.0,"1,059"
2012-08-28,1450.0,1451.0,1437.0,1437.0,"1,216"
2012-08-29,1437.0,1440.0,1423.0,1440.0,"1,265"
2012-08-30,1440.0,1437.0,1405.0,1437.0,"1,420"
2012-09-02,1437.0,1464.0,1440.0,1462.0,"1,427"
2012-09-03,1462.0,1469.0,1450.0,1460.0,731
2012-09-04,1460.0,1459.0,1432.0,1455.0,683
2012-09-05,1455.0,1460.0,1440.0,1451.0,681
2012-09-06,1451.0,1451.0,1440.0,1443.0,"2,276"
2012-09-09,1443.0,1449.0,1435.0,1448.0,"1,031"
2012-09-10,1448.0,1441.0,1426.0,1426.0,524
2012-09-11,1426.0,1520.0,1454.0,1490.0,"7,009"
2012-09-12,1490.0,1505.0,1480.0,1480.0,"5,042"
2012-09-13,1480.0,1489.0,1478.0,1481.0,"1,771"
2012-09-16,1481.0,1491.0,1480.0,1485.0,"1,019"
2012-09-17,1485.0,1488.0,1481.0,1488.0,"1,287"
2012-09-18,1488.0,1500.0,1486.0,1486.0,897
2012-09-19,1486.0,1490.0,1480.0,1482.0,998
2012-09-20,1482.0,1470.0,1445.0,1470.0,350
2012-09-23,1470.0,1460.0,1442.0,1452.0,921
2012-09-24,1452.0,1436.0,1410.0,1436.0,898
2012-09-25,1436.0,1434.0,1415.0,1426.0,"1,942"
2012-09-26,1426.0,1452.0,1400.0,1410.0,"6,206"
2012-09-30,1419.0,1444.0,1400.0,1400.0,"1,097"
2012-10-01,1400.0,1428.0,1400.0,1402.0,"4,518"
2012-10-01,1400.0,1428.0,1400.0,1402.0,"4,518"
2012-10-02,1402.0,1413.0,1375.0,1385.0,"5,576"
2012-10-03,1385.0,1131.0,1120.0,1120.0,218
2012-10-04,1120.0,1125.0,1101.0,1125.0,723
2012-10-07,1125.0,1145.0,1133.0,1145.0,"1,039"
2012-10-08,1145.0,1160.0,1145.0,1150.0,570
2012-10-09,1150.0,1162.0,1140.0,1162.0,514
2012-10-10,1162.0,1152.0,1143.0,1152.0,224
2012-10-11,1152.0,1140.0,1135.0,1135.0,377
2012-10-14,1135.0,1157.0,1135.0,1157.0,177
2012-10-15,1157.0,1160.0,1160.0,1160.0,26
2012-10-17,1160.0,1160.0,1160.0,1160.0,211
2012-10-18,1160.0,1165.0,1137.0,1165.0,636
2012-10-30,1165.0,1224.0,1185.0,1224.0,291
2012-10-31,1224.0,1248.0,1224.0,1247.0,806
2012-11-01,1247.0,1249.0,1220.0,1249.0,"1,358"
2012-11-04,1249.0,1290.0,1250.0,1265.0,602
2012-11-05,1265.0,1310.0,1280.0,1280.0,521
2012-11-06,1280.0,1329.0,1300.0,1316.0,"2,280"
2012-11-07,1316.0,1447.0,1342.0,1447.0,"1,661"
2012-11-08,1447.0,1575.0,1475.0,1504.0,"5,562"
2012-11-11,1504.0,1505.0,1376.0,1410.0,"3,220"
2012-11-12,1410.0,1455.0,1400.0,1455.0,"1,858"
2012-11-18,1455.0,1504.0,1455.0,1503.0,"5,211"
2012-11-20,1503.0,1572.0,1529.0,1550.0,"3,483"
2012-11-21,1550.0,1565.0,1525.0,1535.0,"2,159"
2012-11-22,1535.0,1510.0,1480.0,1510.0,"3,477"
2012-11-25,1510.0,1517.0,1480.0,1501.0,"5,926"
2012-11-26,1501.0,1492.0,1470.0,1478.0,"1,592"
2012-11-27,1478.0,1485.0,1467.0,1485.0,"2,331"
2012-11-28,1485.0,1499.0,1460.0,1499.0,"1,685"
2012-11-29,1499.0,1470.0,1452.0,1460.0,513
2012-12-02,1460.0,1461.0,1426.0,1445.0,"3,251"
2012-12-03,1445.0,1460.0,1403.0,1460.0,"1,078"
2012-12-04,1460.0,1489.0,1460.0,1466.0,"1,708"
2012-12-05,1466.0,1510.0,1475.0,1503.0,"6,029"
2012-12-06,1503.0,1500.0,1475.0,1498.0,"2,285"
2012-12-09,1498.0,1475.0,1450.0,1450.0,718
2012-12-10,1450.0,1450.0,1420.0,1450.0,"1,548"
2012-12-11,1450.0,1464.0,1445.0,1450.0,742
2012-12-12,1450.0,1485.0,1450.0,1480.0,"1,125"
2012-12-13,1480.0,1509.0,1465.0,1490.0,601
2012-12-16,1490.0,1534.0,1500.0,1528.0,"4,987"
2012-12-17,1528.0,1579.0,1535.0,1559.0,"5,971"
2012-12-18,1559.0,1528.0,1500.0,1522.0,"2,787"
2012-12-19,1522.0,1555.0,1523.0,1547.0,"4,192"
2012-12-20,1547.0,1559.0,1530.0,1556.0,"4,104"
2012-12-23,1556.0,1575.0,1545.0,1575.0,"4,289"
2012-12-24,1575.0,1579.0,1550.0,1567.0,"6,737"
2012-12-26,1567.0,1623.0,1560.0,1615.0,"5,465"
2012-12-27,1615.0,1701.0,1506.0,1701.0,"7,127"
2012-12-31,1701.0,1695.0,1610.0,1693.0,"3,896"
2013-01-01,1693.0,1698.0,1660.0,1660.0,"2,821"
2013-01-02,1660.0,1684.0,1635.0,1661.0,"3,397"
2013-01-03,1661.0,1690.0,1660.0,1689.0,"5,596"
2013-01-06,1689.0,1698.0,1675.0,1675.0,"1,363"
2013-01-07,1675.0,1683.0,1650.0,1665.0,"4,852"
2013-01-08,1665.0,1665.0,1653.0,1654.0,619
2013-01-09,1654.0,1650.0,1640.0,1650.0,"1,314"
2013-01-10,1650.0,1646.0,1620.0,1640.0,"2,114"
2013-01-13,1640.0,1665.0,1646.0,1650.0,"1,896"
2013-01-15,1650.0,1668.0,1650.0,1650.0,"1,850"
2013-01-16,1650.0,1662.0,1640.0,1650.0,"1,823"
2013-01-17,1650.0,1635.0,1617.0,1620.0,"2,605"
2013-01-20,1620.0,1590.0,1540.0,1550.0,"2,151"
2013-01-21,1550.0,1612.0,1581.0,1590.0,468
2013-01-22,1590.0,1620.0,1590.0,1600.0,"1,194"
2013-01-23,1600.0,1600.0,1575.0,1583.0,"1,800"
2013-01-24,1583.0,1601.0,1578.0,1601.0,"3,866"
2013-01-28,1605.0,1610.0,1591.0,1605.0,"2,032"
2013-01-30,1605.0,1606.0,1580.0,1585.0,"6,011"
2013-01-31,1585.0,1593.0,1580.0,1580.0,"2,399"
2013-02-03,1580.0,1625.0,1595.0,1620.0,"4,537"
2013-02-04,1620.0,1624.0,1600.0,1622.0,"1,449"
2013-02-05,1622.0,1625.0,1600.0,1605.0,"2,714"
2013-02-06,1605.0,1609.0,1595.0,1608.0,"4,577"
2013-02-07,1608.0,1611.0,1600.0,1606.0,"1,056"
2013-02-10,1606.0,1687.0,1637.0,1655.0,"4,707"
2013-02-12,1655.0,1735.0,1688.0,1730.0,"5,007"
2013-02-13,1730.0,1729.0,1682.0,1711.0,"5,548"
2013-02-14,1711.0,1755.0,1737.0,1749.0,"5,508"
2013-02-17,1749.0,1923.0,1783.0,1890.0,"3,388"
2013-02-19,1890.0,2000.0,1862.0,1866.0,"11,302"
2013-02-20,1866.0,1870.0,1813.0,1840.0,"3,753"
2013-02-21,1840.0,1894.0,1820.0,1850.0,"4,683"
2013-02-24,1850.0,1860.0,1840.0,1851.0,"1,719"
2013-02-25,1851.0,1950.0,1850.0,1885.0,"2,323"
2013-02-26,1885.0,1922.0,1880.0,1899.0,"4,719"
2013-02-27,1899.0,1875.0,1862.0,1870.0,"1,777"
2013-02-28,1870.0,1889.0,1868.0,1888.0,"1,426"
2013-03-03,1888.0,1889.0,1871.0,1887.0,"3,654"
2013-03-04,1887.0,1886.0,1875.0,1880.0,"2,969"
2013-03-05,1880.0,1888.0,1855.0,1868.0,"5,639"
2013-03-06,1868.0,1895.0,1860.0,1890.0,"1,309"
2013-03-07,1890.0,1925.0,1850.0,1925.0,"4,043"
2013-03-11,1925.0,1939.0,1880.0,1900.0,"2,354"
2013-03-13,1900.0,1911.0,1872.0,1908.0,"3,412"
2013-03-14,1908.0,1998.0,1900.0,1921.0,"2,905"
2013-03-17,1921.0,1916.0,1900.0,1904.0,"2,533"
2013-03-18,1904.0,1909.0,1861.0,1880.0,"1,067"
2013-03-19,1880.0,1923.0,1860.0,1890.0,"1,872"
2013-03-20,1890.0,1901.0,1875.0,1878.0,688
2013-03-21,1878.0,1900.0,1870.0,1880.0,498
2013-03-24,1880.0,1851.0,1825.0,1835.0,"2,994"
2013-03-25,1835.0,1852.0,1800.0,1852.0,"2,653"
2013-03-27,1852.0,1888.0,1841.0,1849.0,"2,300"
2013-03-28,1849.0,1852.0,1825.0,1852.0,"4,364"
2013-03-31,1852.0,1830.0,1785.0,1785.0,"2,556"
2013-04-01,1785.0,1811.0,1750.0,1795.0,"3,861"
2013-04-02,1795.0,1856.0,1760.0,1830.0,"2,688"
2013-04-03,1830.0,1840.0,1820.0,1825.0,"1,741"
2013-04-04,1825.0,1825.0,1801.0,1808.0,"2,424"
2013-04-07,1808.0,1808.0,1780.0,1790.0,"1,811"
2013-04-08,1790.0,1820.0,1787.0,1800.0,785
2013-04-09,1800.0,1850.0,1801.0,1850.0,"2,545"
2013-04-11,1850.0,1860.0,1835.0,1845.0,"3,477"
2013-04-15,1845.0,1849.0,1815.0,1835.0,"1,900"
2013-04-16,1835.0,1845.0,1815.0,1830.0,"3,250"
2013-04-17,1830.0,1826.0,1805.0,1805.0,"1,167"
2013-04-18,1805.0,1830.0,1806.0,1815.0,"1,755"
2013-04-21,1815.0,1835.0,1805.0,1820.0,"1,114"
2013-04-22,1820.0,1820.0,1750.0,1765.0,"3,818"
2013-04-23,1765.0,1836.0,1790.0,1804.0,"1,983"
2013-04-25,1804.0,1800.0,1780.0,1780.0,"1,273"
2013-04-28,1780.0,1777.0,1770.0,1770.0,"1,757"
2013-04-29,1770.0,1795.0,1770.0,1770.0,"1,506"
2013-04-30,1770.0,1785.0,1769.0,1770.0,515
2013-05-02,1770.0,1771.0,1740.0,1770.0,"1,071"
2013-05-05,1770.0,1780.0,1720.0,1735.0,"1,168"
2013-05-06,1735.0,1715.0,1678.0,1678.0,848
2013-05-07,1678.0,1738.0,1675.0,1704.0,"3,840"
2013-05-08,1704.0,1700.0,1690.0,1690.0,234
2013-05-09,1690.0,1702.0,1685.0,1685.0,998
2013-05-12,1685.0,1718.0,1660.0,1681.0,"3,800"
2013-05-13,1681.0,1718.0,1680.0,1718.0,"2,165"
2013-05-14,1718.0,1722.0,1690.0,1690.0,"3,704"
2013-05-15,1690.0,1723.0,1690.0,1695.0,"9,162"
2013-05-16,1695.0,1750.0,1700.0,1750.0,"1,993"
2013-05-19,1750.0,1765.0,1720.0,1726.0,"10,617"
2013-05-20,1726.0,1760.0,1730.0,1745.0,"2,532"
2013-05-21,1745.0,1753.0,1740.0,1750.0,"3,286"
2013-05-22,1750.0,1763.0,1735.0,1745.0,"2,178"
2013-05-23,1745.0,1745.0,1725.0,1745.0,"3,462"
2013-05-26,1745.0,1750.0,1740.0,1741.0,"1,188"
2013-05-27,1741.0,1804.0,1760.0,1804.0,"1,415"
2013-05-28,1804.0,1785.0,1760.0,1761.0,"1,016"
2013-05-30,1761.0,1761.0,1745.0,1745.0,"2,567"
2013-06-02,1745.0,1754.0,1730.0,1730.0,"1,852"
2013-06-03,1730.0,1760.0,1749.0,1750.0,669
2013-06-04,1750.0,1755.0,1740.0,1750.0,590
2013-06-05,1750.0,1750.0,1744.0,1744.0,357
2013-06-06,1744.0,1750.0,1731.0,1746.0,746
2013-06-09,1746.0,1740.0,1740.0,1740.0,"1,721"
2013-06-10,1740.0,1742.0,1735.0,1740.0,"3,401"
2013-06-11,1740.0,1755.0,1744.0,1752.0,630
2013-06-12,1752.0,1743.0,1735.0,1736.0,812
2013-06-13,1736.0,1735.0,1725.0,1728.0,"1,716"
2013-06-16,1728.0,1740.0,1725.0,1738.0,"1,064"
2013-06-17,1738.0,1731.0,1720.0,1720.0,"1,445"
2013-06-18,1720.0,1721.0,1701.0,1719.0,"1,011"
2013-06-19,1719.0,1722.0,1706.0,1721.0,"1,715"
2013-06-20,1721.0,1715.0,1706.0,1711.0,"1,816"
2013-06-23,1711.0,1718.0,1700.0,1715.0,528
2013-06-24,1715.0,1721.0,1705.0,1716.0,812
2013-06-25,1716.0,1730.0,1709.0,1730.0,"1,982"
2013-06-26,1730.0,1785.0,1730.0,1765.0,"2,051"
2013-06-27,1765.0,1785.0,1750.0,1773.0,"1,651"
2013-06-30,1773.0,1771.0,1730.0,1750.0,"1,692"
2013-07-01,1750.0,1759.0,1745.0,1747.0,"1,948"
2013-07-02,1747.0,1748.0,1740.0,1748.0,869
2013-07-03,1748.0,1753.0,1725.0,1743.0,"1,706"
2013-07-04,1743.0,1746.0,1735.0,1741.0,"1,636"
2013-07-07,1741.0,1747.0,1730.0,1741.0,"2,216"
2013-07-08,1741.0,1754.0,1736.0,1750.0,"2,866"
2013-07-09,1750.0,1779.0,1753.0,1779.0,"1,603"
2013-07-10,1779.0,1809.0,1780.0,1805.0,"5,003"
2013-07-11,1805.0,1795.0,1786.0,1786.0,632
2013-07-14,1786.0,1800.0,1788.0,1790.0,"1,240"
2013-07-15,1790.0,1823.0,1810.0,1815.0,553
2013-07-16,1815.0,1819.0,1795.0,1800.0,"2,427"
2013-07-17,1800.0,1825.0,1801.0,1825.0,"3,409"
2013-07-18,1825.0,1872.0,1811.0,1865.0,"5,092"
2013-07-21,1865.0,1970.0,1890.0,1910.0,"5,250"
2013-07-22,1910.0,1915.0,1885.0,1885.0,"1,031"
2013-07-23,1885.0,1920.0,1870.0,1920.0,898
2013-07-24,1920.0,1900.0,1843.0,1890.0,"2,886"
2013-07-25,1890.0,1905.0,1880.0,1889.0,"1,962"
2013-07-28,1889.0,1918.0,1880.0,1905.0,"2,279"
2013-07-29,1905.0,1910.0,1890.0,1900.0,"2,562"
2013-07-30,1900.0,1915.0,1900.0,1910.0,"2,927"
2013-07-31,1910.0,1935.0,1900.0,1925.0,"2,384"
2013-08-01,1925.0,1950.0,1900.0,1910.0,"2,696"
2013-08-04,1910.0,1915.0,1891.0,1915.0,"3,186"
2013-08-05,1915.0,1901.0,1890.0,1895.0,"1,105"
2013-08-06,1895.0,1905.0,1885.0,1903.0,"2,029"
2013-08-07,1903.0,1920.0,1890.0,1890.0,635
2013-08-08,1890.0,1926.0,1880.0,1900.0,"2,663"
2013-08-11,1900.0,1875.0,1850.0,1870.0,867
2013-08-12,1870.0,1870.0,1842.0,1850.0,"1,648"
2013-08-13,1850.0,1850.0,1812.0,1830.0,"2,663"
2013-08-14,1830.0,1860.0,1819.0,1819.0,"1,105"
2013-08-15,1819.0,1845.0,1818.0,1845.0,651
2013-08-18,1845.0,1845.0,1822.0,1825.0,"1,294"
2013-08-19,1825.0,1850.0,1830.0,1838.0,"1,782"
2013-08-20,1838.0,1855.0,1830.0,1855.0,807
2013-08-25,1855.0,1870.0,1850.0,1860.0,"1,577"
2013-08-26,1860.0,1860.0,1840.0,1851.0,"1,868"
2013-08-27,1851.0,1859.0,1840.0,1853.0,"1,193"
2013-08-29,1853.0,1856.0,1830.0,1834.0,"1,962"
2013-09-01,1834.0,1840.0,1830.0,1830.0,787
2013-09-02,1830.0,1825.0,1820.0,1820.0,802
2013-09-03,1820.0,1828.0,1800.0,1820.0,"3,564"
2013-09-04,1820.0,1840.0,1803.0,1820.0,"2,269"
2013-09-05,1820.0,1820.0,1799.0,1820.0,"3,902"
2013-09-08,1820.0,2002.0,1856.0,2002.0,"9,905"
2013-09-09,2002.0,2039.0,1961.0,1965.0,"8,448"
2013-09-10,1965.0,1965.0,1926.0,1940.0,"5,604"
2013-09-11,1940.0,1958.0,1940.0,1958.0,"5,974"
2013-09-12,1958.0,1975.0,1960.0,1965.0,"3,529"
2013-09-15,1965.0,1995.0,1960.0,1990.0,"9,143"
2013-09-16,1990.0,2002.0,1990.0,1996.0,"4,647"
2013-09-17,1996.0,2003.0,1985.0,2000.0,"9,843"
2013-09-19,2000.0,1991.0,1965.0,1980.0,"2,291"
2013-09-22,1980.0,1980.0,1950.0,1975.0,"2,397"
2013-09-23,1975.0,1975.0,1941.0,1970.0,"3,089"
2013-09-24,1970.0,1990.0,1961.0,1980.0,"4,740"
2013-09-25,1980.0,1986.0,1976.0,1980.0,"2,790"
2013-09-26,1980.0,2000.0,1979.0,1980.0,837
2013-09-29,1980.0,1990.0,1970.0,1975.0,"2,802"
2013-09-30,1975.0,1980.0,1975.0,1975.0,"1,938"
2013-10-01,1975.0,2012.0,1974.0,1980.0,"2,887"
2013-10-02,1980.0,1985.0,1950.0,1983.0,"1,303"
2013-10-03,1983.0,1980.0,1960.0,1976.0,"2,340"
2013-10-06,1976.0,1980.0,1970.0,1980.0,"1,379"
2013-10-07,1980.0,1995.0,1980.0,1992.0,"1,594"
2013-10-08,1992.0,2010.0,1995.0,2010.0,"2,489"
2013-10-09,2010.0,2014.0,2000.0,2008.0,"2,821"
2013-10-10,2008.0,2035.0,2015.0,2030.0,"1,255"
2013-10-17,2030.0,2065.0,2035.0,2065.0,"3,332"
2013-10-20,2065.0,2151.0,2050.0,2150.0,"8,573"
2013-10-21,2150.0,2240.0,2124.0,2200.0,"6,354"
2013-10-22,2200.0,2200.0,2100.0,2150.0,"7,336"
2013-10-23,2150.0,2160.0,2111.0,2140.0,"2,544"
2013-10-24,2140.0,2160.0,2118.0,2160.0,"3,527"
2013-10-27,2160.0,2201.0,2117.0,2200.0,"3,228"
2013-10-28,2200.0,2230.0,2191.0,2198.0,"5,747"
2013-10-29,2198.0,2204.0,2190.0,2201.0,"2,987"
2013-10-30,2201.0,2206.0,2195.0,2200.0,"8,171"
2013-10-31,2200.0,2208.0,2195.0,2198.0,"5,454"
2013-11-06,2198.0,2200.0,2191.0,2194.0,"1,535"
2013-11-07,2194.0,2199.0,2175.0,2175.0,"3,254"
2013-11-11,2170.0,2210.0,2150.0,2201.0,"10,578"
2013-11-12,2200.0,2250.0,2200.0,2205.0,"3,891"
2013-11-13,2205.0,2240.0,2205.0,2213.0,"8,998"
2013-11-14,2213.0,2260.0,2200.0,2229.0,"9,683"
2013-11-21,2229.0,2451.0,2273.0,2451.0,"10,177"
2013-11-24,2451.0,2567.0,2400.0,2523.0,"7,026"
2013-11-25,2523.0,2478.0,2380.0,2447.0,"4,977"
2013-11-26,2447.0,2440.0,2380.0,2390.0,"5,083"
2013-11-27,2390.0,2390.0,2365.0,2380.0,"1,841"
2013-11-28,2380.0,2380.0,2333.0,2380.0,"3,395"
2013-12-01,2380.0,2495.0,2427.0,2474.0,"5,618"
2013-12-02,2474.0,2500.0,2470.0,2491.0,"5,399"
2013-12-03,2491.0,2605.0,2491.0,2575.0,"6,324"
2013-12-04,2575.0,2725.0,2610.0,2715.0,"6,447"
2013-12-05,2715.0,2800.0,2695.0,2720.0,"9,860"
2013-12-08,2720.0,2790.0,2700.0,2750.0,"18,668"
2013-12-09,2200.0,2400.0,2244.0,2290.0,"5,002"
2013-12-10,2290.0,2290.0,2240.0,2255.0,"1,767"
2013-12-11,2255.0,2305.0,2260.0,2290.0,"2,056"
2013-12-12,2290.0,2300.0,2240.0,2245.0,"1,285"
2013-12-15,2245.0,2300.0,2216.0,2300.0,"1,243"
2013-12-16,2300.0,2386.0,2310.0,2386.0,716
2013-12-18,2386.0,2410.0,2386.0,2410.0,900
2013-12-19,2410.0,2400.0,2257.0,2399.0,"3,807"
2013-12-22,2399.0,2405.0,2361.0,2362.0,"2,354"
2013-12-23,2357.0,2330.0,2245.0,2245.0,"1,786"
2013-12-24,2245.0,2280.0,2245.0,2258.0,"2,047"
2013-12-26,2258.0,2320.0,2260.0,2270.0,"4,278"
2013-12-29,2270.0,2275.0,2220.0,2250.0,"3,809"
2013-12-31,2250.0,2250.0,2200.0,2210.0,"2,064"
2014-01-01,2210.0,2180.0,2142.0,2151.0,433
2014-01-02,2151.0,2150.0,2090.0,2125.0,"10,110"
2014-01-05,2125.0,2125.0,2100.0,2125.0,"5,113"
2014-01-06,2125.0,2118.0,2095.0,2110.0,"3,381"
2014-01-07,2110.0,2135.0,2070.0,2126.0,"4,731"
2014-01-08,2126.0,2180.0,2100.0,2168.0,"2,502"
2014-01-09,2168.0,2172.0,2125.0,2172.0,"1,115"
2014-01-12,2172.0,2225.0,2105.0,2225.0,"1,788"
2014-01-13,2225.0,2260.0,2225.0,2250.0,"1,385"
2014-01-14,2250.0,2250.0,2220.0,2220.0,287
2014-01-16,2220.0,2230.0,2199.0,2199.0,163
2014-01-19,2199.0,2230.0,2190.0,2210.0,"1,484"
2014-01-20,2210.0,2200.0,2166.0,2185.0,"1,001"
2014-01-21,2185.0,2177.0,2100.0,2129.0,"1,824"
2014-01-22,2129.0,2115.0,2070.0,2090.0,"2,490"
2014-01-23,2090.0,2100.0,2050.0,2080.0,"1,919"
2014-01-26,2080.0,2100.0,2035.0,2085.0,"2,305"
2014-01-27,2085.0,2105.0,2075.0,2075.0,700
2014-01-28,2075.0,2085.0,2040.0,2057.0,"3,039"
2014-01-29,2057.0,2060.0,2025.0,2050.0,"1,516"
2014-02-02,2050.0,2061.0,2020.0,2060.0,"3,221"
2014-02-03,2060.0,2025.0,1995.0,2009.0,"1,729"
2014-02-04,2009.0,2020.0,2000.0,2015.0,701
2014-02-06,2060.0,2077.0,2050.0,2077.0,"3,009"
2014-02-09,2077.0,2100.0,2075.0,2100.0,884
2014-02-10,2100.0,2227.0,2142.0,2155.0,"3,551"
2014-02-11,2155.0,2130.0,2100.0,2130.0,"2,034"
2014-02-12,2130.0,2124.0,2090.0,2102.0,"1,982"
2014-02-13,2102.0,2103.0,2089.0,2095.0,902
2014-02-16,2095.0,2100.0,2075.0,2080.0,"1,096"
2014-02-17,2080.0,2100.0,2080.0,2088.0,687
2014-02-18,2088.0,2105.0,2085.0,2105.0,814
2014-02-20,2105.0,2140.0,2098.0,2098.0,466
2014-02-23,2098.0,2150.0,2100.0,2108.0,"4,237"
2014-02-24,2108.0,2140.0,2107.0,2133.0,"2,640"
2014-02-25,2133.0,2130.0,2100.0,2130.0,"1,845"
2014-02-26,2130.0,2180.0,2100.0,2149.0,"1,200"
2014-03-03,2149.0,2130.0,2059.0,2065.0,"1,114"
2014-03-04,2065.0,2065.0,1975.0,2015.0,"2,767"
2014-03-05,2015.0,2090.0,2000.0,2090.0,"1,527"
2014-03-06,2090.0,2050.0,2001.0,2015.0,"1,631"
2014-03-09,2015.0,2055.0,1990.0,2000.0,"1,254"
2014-03-10,2000.0,2005.0,1965.0,1980.0,904
2014-03-11,1980.0,1981.0,1960.0,1979.0,"1,671"
2014-03-12,1979.0,1970.0,1870.0,1955.0,"4,854"
2014-03-13,1955.0,1930.0,1900.0,1907.0,"2,402"
2014-03-17,1907.0,1885.0,1840.0,1855.0,"1,944"
2014-03-18,1855.0,1865.0,1799.0,1799.0,"2,968"
2014-03-19,1799.0,1876.0,1790.0,1845.0,"5,212"
2014-03-20,1845.0,1910.0,1840.0,1910.0,"2,633"
2014-03-23,1910.0,1895.0,1881.0,1886.0,"1,880"
2014-03-24,1886.0,1940.0,1910.0,1915.0,"1,043"
2014-03-25,1915.0,1910.0,1880.0,1900.0,"1,319"
2014-03-26,1900.0,1895.0,1871.0,1872.0,781
2014-03-27,1872.0,1905.0,1877.0,1900.0,"2,287"
2014-03-31,1900.0,1911.0,1895.0,1895.0,"1,049"
2014-04-01,1895.0,1920.0,1880.0,1900.0,"2,849"
2014-04-02,1900.0,1920.0,1900.0,1900.0,"4,093"
2014-04-03,1900.0,1950.0,1915.0,1950.0,"1,392"
2014-04-06,1950.0,2000.0,1965.0,1965.0,438
2014-04-07,1965.0,1950.0,1893.0,1945.0,"3,054"
2014-04-09,1945.0,1960.0,1900.0,1960.0,"1,858"
2014-04-10,1960.0,2000.0,1961.0,1989.0,"2,242"
2014-04-13,1989.0,2009.0,1970.0,1995.0,"4,388"
2014-04-15,1995.0,2003.0,1995.0,1995.0,572
2014-04-16,1995.0,1991.0,1970.0,1990.0,606
2014-04-17,1990.0,1980.0,1943.0,1943.0,"1,617"
2014-04-20,1943.0,1950.0,1944.0,1950.0,"2,145"
2014-04-21,1950.0,1950.0,1920.0,1930.0,"1,235"
2014-04-22,1930.0,1960.0,1930.0,1930.0,382
2014-04-23,1930.0,1940.0,1918.0,1940.0,699
2014-04-27,1940.0,1930.0,1890.0,1900.0,"1,374"
2014-04-28,1900.0,1920.0,1890.0,1910.0,"1,057"
2014-04-29,1910.0,1910.0,1910.0,1910.0,45
2014-04-30,1910.0,1940.0,1910.0,1940.0,326
2014-05-04,1940.0,1940.0,1904.0,1935.0,"3,143"
2014-05-05,1935.0,1965.0,1940.0,1960.0,"1,684"
2014-05-06,1960.0,2077.0,1999.0,2030.0,"2,557"
2014-05-07,2030.0,2111.0,2040.0,2040.0,"2,142"
2014-05-08,2040.0,2020.0,2000.0,2012.0,"1,301"
2014-05-11,2012.0,2040.0,1995.0,2013.0,"1,554"
2014-05-12,2013.0,2040.0,1995.0,2015.0,"2,015"
2014-05-13,2015.0,2030.0,1990.0,2000.0,"1,034"
2014-05-15,2000.0,2029.0,1960.0,1960.0,"1,801"
2014-05-15,2000.0,2029.0,1960.0,1960.0,"1,801"
2014-05-18,1960.0,1965.0,1941.0,1950.0,"3,500"
2014-05-19,1950.0,1950.0,1882.0,1925.0,"4,777"
2014-05-20,1925.0,1940.0,1903.0,1915.0,"3,836"
2014-05-21,1915.0,1926.0,1890.0,1915.0,"3,692"
2014-05-22,1915.0,1925.0,1859.0,1859.0,"21,890"
2014-05-25,1859.0,1945.0,1788.0,1922.0,"27,558"
2014-05-26,1922.0,1989.0,1900.0,1989.0,"8,695"
2014-05-27,1989.0,1960.0,1925.0,1950.0,"5,571"
2014-05-28,1950.0,1989.0,1940.0,1985.0,"3,993"
2014-06-01,1985.0,2050.0,1970.0,2035.0,"6,733"
2014-06-02,2035.0,2065.0,2020.0,2050.0,"8,876"
2014-06-03,2050.0,2090.0,2057.0,2069.0,"5,985"
2014-06-04,2069.0,2075.0,2050.0,2075.0,"5,664"
2014-06-05,2075.0,2074.0,2035.0,2052.0,"4,170"
2014-06-08,2052.0,2099.0,2050.0,2078.0,"4,816"
2014-06-09,2078.0,2115.0,2078.0,2110.0,"6,302"
2014-06-10,2110.0,2150.0,2115.0,2143.0,"6,260"
2014-06-11,2143.0,2190.0,2130.0,2160.0,"7,131"
2014-06-12,2160.0,2185.0,2127.0,2160.0,"5,552"
2014-06-15,2160.0,2376.0,2160.0,2330.0,"9,465"
2014-06-16,2330.0,2380.0,2312.0,2363.0,"11,146"
2014-06-17,2363.0,2413.0,2310.0,2360.0,"6,689"
2014-06-17,2363.0,2413.0,2310.0,2360.0,"6,689"
2014-06-18,2360.0,2370.0,2335.0,2335.0,"2,313"
2014-06-19,2335.0,2290.0,2265.0,2270.0,"3,475"
2014-06-23,2270.0,2235.0,2186.0,2198.0,"7,097"
2014-06-24,2198.0,2255.0,2117.0,2254.0,"4,796"
2014-06-25,2254.0,2309.0,2250.0,2290.0,"2,781"
2014-06-26,2290.0,2335.0,2301.0,2301.0,"1,527"
2014-06-29,2301.0,2340.0,2280.0,2325.0,"4,526"
2014-06-30,2325.0,2340.0,2300.0,2310.0,"2,748"
2014-07-01,2310.0,2355.0,2320.0,2335.0,"3,169"
2014-07-02,2335.0,2355.0,2300.0,2345.0,"4,313"
2014-07-03,2345.0,2400.0,2350.0,2360.0,"3,317"
2014-07-06,2360.0,2420.0,2360.0,2390.0,"4,442"
2014-07-07,2390.0,2450.0,2400.0,2425.0,"3,657"
2014-07-08,2425.0,2450.0,2400.0,2450.0,"7,731"
2014-07-09,2450.0,2460.0,2438.0,2438.0,"1,438"
2014-07-10,2438.0,2500.0,2430.0,2500.0,"3,612"
2014-07-13,2500.0,2661.0,2520.0,2554.0,"4,717"
2014-07-14,2554.0,2605.0,2530.0,2550.0,"1,345"
2014-07-15,2550.0,2540.0,2515.0,2538.0,"2,092"
2014-07-16,2538.0,2574.0,2515.0,2535.0,"1,482"
2014-07-17,2535.0,2555.0,2490.0,2528.0,"4,066"
2014-07-20,2528.0,2629.0,2550.0,2620.0,"3,391"
2014-07-21,2620.0,2635.0,2590.0,2610.0,"6,600"
2014-07-22,2610.0,2657.0,2559.0,2657.0,"11,797"
2014-07-23,2657.0,2680.0,2600.0,2680.0,"2,677"
2014-07-24,2680.0,2670.0,2610.0,2652.0,"2,761"
2014-07-27,2652.0,2620.0,2600.0,2600.0,856
2014-07-28,2600.0,2610.0,2560.0,2610.0,281
2014-07-30,2610.0,2610.0,2576.0,2580.0,"1,885"
2014-07-31,2580.0,2612.0,2565.0,2571.0,"2,070"
2014-08-03,2571.0,2600.0,2575.0,2583.0,"2,243"
2014-08-04,2583.0,2560.0,2470.0,2480.0,"1,906"
2014-08-05,2480.0,2550.0,2500.0,2500.0,"4,958"
2014-08-06,2500.0,2505.0,2480.0,2489.0,"3,605"
2014-08-07,2489.0,2500.0,2470.0,2472.0,"2,121"
2014-08-12,2472.0,2470.0,2415.0,2415.0,"1,179"
2014-08-13,2415.0,2505.0,2385.0,2450.0,"3,685"
2014-08-14,2450.0,2550.0,2425.0,2513.0,"3,681"
2014-08-18,2513.0,2555.0,2490.0,2505.0,"7,582"
2014-08-19,2505.0,2511.0,2475.0,2475.0,"2,987"
2014-08-20,2475.0,2480.0,2400.0,2418.0,"5,743"
2014-08-21,2418.0,2502.0,2270.0,2441.0,"4,752"
2014-08-24,2441.0,2520.0,2439.0,2470.0,"2,179"
2014-08-25,2470.0,2519.0,2280.0,2360.0,"4,877"
2014-08-26,2360.0,2407.0,2223.0,2223.0,"7,014"
2014-08-27,2223.0,2400.0,2267.0,2365.0,"7,514"
2014-08-28,2365.0,2530.0,2410.0,2412.0,"7,784"
2014-08-31,2412.0,2578.0,2460.0,2462.0,"28,055"
2014-09-01,2462.0,2460.0,2380.0,2402.0,"8,973"
2014-09-03,2402.0,2488.0,2400.0,2424.0,"6,112"
2014-09-04,2424.0,2410.0,2377.0,2397.0,"4,050"
2014-09-07,2397.0,2375.0,2230.0,2230.0,"3,957"
2014-09-09,2230.0,2387.0,2250.0,2365.0,"2,375"
2014-09-10,2365.0,2425.0,2320.0,2320.0,"4,288"
2014-09-11,2320.0,2320.0,2250.0,2260.0,"2,728"
2014-09-14,2260.0,2285.0,2220.0,2276.0,"3,404"
2014-09-15,2276.0,2346.0,2260.0,2300.0,"2,930"
2014-09-16,2300.0,2346.0,2285.0,2325.0,"3,472"
2014-09-17,2325.0,2350.0,2300.0,2300.0,"3,375"
2014-09-18,2300.0,2310.0,2230.0,2247.0,"3,648"
2014-09-21,2247.0,2215.0,2165.0,2190.0,"2,116"
2014-09-22,2190.0,2175.0,2140.0,2174.0,"2,830"
2014-09-23,2174.0,2270.0,2195.0,2213.0,"2,415"
2014-09-24,2213.0,2346.0,2250.0,2344.0,"2,407"
2014-09-28,2344.0,2375.0,2330.0,2345.0,"2,614"
2014-09-29,2345.0,2427.0,2360.0,2399.0,"4,217"
2014-09-30,2399.0,2407.0,2357.0,2395.0,"2,574"
2014-10-08,2395.0,2394.0,2370.0,2370.0,433
2014-10-09,2370.0,2380.0,2340.0,2380.0,704
2014-10-12,2380.0,2360.0,2320.0,2360.0,"1,152"
2014-10-13,2360.0,2315.0,2250.0,2272.0,"2,487"
2014-10-14,2272.0,2310.0,2280.0,2290.0,"1,237"
2014-10-15,2290.0,2340.0,2298.0,2340.0,845
2014-10-16,2340.0,2375.0,2328.0,2340.0,"1,374"
2014-10-19,2340.0,2324.0,2295.0,2315.0,"2,320"
2014-10-20,2315.0,2320.0,2300.0,2320.0,"1,595"
2014-10-21,2320.0,2361.0,2310.0,2324.0,"1,935"
2014-10-22,2324.0,2366.0,2314.0,2350.0,"1,509"
2014-10-26,2350.0,2359.0,2350.0,2350.0,428
2014-10-27,2350.0,2375.0,2349.0,2364.0,185
2014-10-28,2364.0,2364.0,2340.0,2350.0,"1,392"
2014-10-30,2350.0,2376.0,2306.0,2325.0,"2,519"
2014-11-02,2325.0,2325.0,2280.0,2290.0,"1,073"
2014-11-03,2290.0,2255.0,2200.0,2200.0,"3,592"
2014-11-04,2200.0,2210.0,2160.0,2210.0,"2,684"
2014-11-05,2210.0,2218.0,2170.0,2206.0,"6,995"
2014-11-06,2206.0,2235.0,2191.0,2220.0,"7,739"
2014-11-09,2220.0,2252.0,2200.0,2217.0,"11,263"
2014-11-10,2217.0,2249.0,2180.0,2200.0,"6,328"
2014-11-11,2200.0,2200.0,2175.0,2200.0,"6,449"
2014-11-12,2200.0,2209.0,2170.0,2170.0,"11,776"
2014-11-13,1808.0,1830.0,1800.0,1800.0,99
2014-11-16,1800.0,1765.0,1670.0,1709.0,"2,309"
2014-11-17,1709.0,1678.0,1611.0,1635.0,"3,945"
2014-11-18,1635.0,1667.0,1564.0,1667.0,"2,897"
2014-11-19,1667.0,1710.0,1634.0,1710.0,"2,153"
2014-11-20,1710.0,1765.0,1700.0,1739.0,"2,401"
2014-11-23,1739.0,1773.0,1695.0,1742.0,"4,018"
2014-11-24,1742.0,1724.0,1710.0,1715.0,"2,010"
2014-11-25,1715.0,1710.0,1666.0,1696.0,"3,089"
2014-11-30,1696.0,1700.0,1680.0,1680.0,"2,125"
2014-12-01,1680.0,1701.0,1670.0,1692.0,"3,262"
2014-12-02,1692.0,1680.0,1635.0,1680.0,"3,265"
2014-12-03,1680.0,1710.0,1665.0,1665.0,"2,392"
2014-12-04,1665.0,1720.0,1687.0,1714.0,"3,338"
2014-12-07,1714.0,1718.0,1700.0,1701.0,"3,015"
2014-12-08,1701.0,1707.0,1700.0,1707.0,"1,571"
2014-12-09,1707.0,1720.0,1700.0,1715.0,"2,452"
2014-12-10,1715.0,1745.0,1682.0,1720.0,"1,666"
2014-12-11,1720.0,1800.0,1686.0,1800.0,"4,183"
2014-12-14,1800.0,1947.0,1836.0,1945.0,864
2014-12-15,1945.0,2000.0,1881.0,1950.0,"3,945"
2014-12-16,1950.0,1950.0,1915.0,1926.0,"3,779"
2014-12-17,1926.0,1915.0,1875.0,1875.0,"2,618"
2014-12-18,1875.0,1938.0,1885.0,1938.0,701
2014-12-22,1938.0,1900.0,1825.0,1836.0,"1,715"
2014-12-23,1836.0,1810.0,1800.0,1800.0,"1,178"
2014-12-24,1800.0,1856.0,1800.0,1856.0,"3,276"
2014-12-28,1856.0,1892.0,1858.0,1870.0,"2,045"
2014-12-28,1856.0,1892.0,1858.0,1870.0,"2,045"
2014-12-29,1870.0,1890.0,1835.0,1873.0,"1,493"
2014-12-31,1873.0,1855.0,1820.0,1820.0,"2,162"
2015-01-01,1820.0,1875.0,1835.0,1875.0,"2,383"
2015-01-04,1875.0,1889.0,1866.0,1880.0,"1,918"
2015-01-05,1880.0,1901.0,1855.0,1886.0,"2,264"
2015-01-06,1886.0,1862.0,1852.0,1852.0,421
2015-01-07,1852.0,1898.0,1870.0,1885.0,"1,365"
2015-01-08,1885.0,1901.0,1880.0,1890.0,"1,201"
2015-01-11,1890.0,1881.0,1855.0,1855.0,"1,113"
2015-01-12,1855.0,1859.0,1840.0,1855.0,490
2015-01-13,1855.0,1890.0,1825.0,1890.0,"1,921"
2015-01-14,1890.0,1890.0,1866.0,1869.0,643
2015-01-18,1869.0,1894.0,1866.0,1894.0,"1,573"
2015-01-19,1894.0,2038.0,1857.0,1982.0,"22,822"
2015-01-20,1982.0,1950.0,1932.0,1950.0,"2,981"
2015-01-22,1950.0,1940.0,1853.0,1940.0,"2,851"
2015-01-25,1940.0,1960.0,1876.0,1950.0,"2,272"
2015-01-26,1950.0,1986.0,1950.0,1950.0,"3,083"
2015-01-27,1950.0,1974.0,1950.0,1974.0,"1,708"
2015-01-28,1974.0,2020.0,1974.0,2020.0,"4,973"
2015-01-29,2020.0,2030.0,1990.0,2012.0,"2,342"
2015-02-01,2012.0,2060.0,1912.0,2051.0,"2,215"
2015-02-02,2051.0,2062.0,2033.0,2050.0,"5,873"
2015-02-03,2050.0,2055.0,2006.0,2021.0,"4,156"
2015-02-04,2021.0,2025.0,2001.0,2010.0,"4,416"
2015-02-05,2010.0,2020.0,1995.0,2012.0,"3,419"
2015-02-08,2012.0,2017.0,2000.0,2010.0,"1,634"
2015-02-09,2010.0,2010.0,1980.0,1990.0,"2,813"
2015-02-10,1990.0,1998.0,1990.0,1998.0,"1,360"
2015-02-11,1998.0,2000.0,1998.0,1998.0,418
2015-02-12,1998.0,2005.0,1985.0,2005.0,"2,850"
2015-02-15,2005.0,2004.0,1996.0,2000.0,"2,124"
2015-02-16,2000.0,2000.0,1985.0,1995.0,"1,483"
2015-02-16,2000.0,2000.0,1985.0,1995.0,"1,483"
2015-02-18,1995.0,1985.0,1975.0,1985.0,"1,539"
2015-02-22,1985.0,1960.0,1930.0,1947.0,"2,341"
2015-02-23,1947.0,1940.0,1905.0,1939.0,"3,583"
2015-02-24,1939.0,1950.0,1915.0,1950.0,499
2015-02-25,1950.0,1952.0,1940.0,1952.0,"1,894"
2015-02-26,1952.0,1960.0,1921.0,1926.0,470
2015-03-01,1926.0,1940.0,1903.0,1930.0,"1,809"
2015-03-02,1930.0,1930.0,1920.0,1925.0,"6,343"
2015-03-03,1925.0,1930.0,1920.0,1930.0,316
2015-03-04,1930.0,1961.0,1935.0,1940.0,"1,399"
2015-03-09,1940.0,1975.0,1949.0,1961.0,"2,158"
2015-03-10,1961.0,1972.0,1940.0,1942.0,"1,395"
2015-03-11,1942.0,1960.0,1940.0,1960.0,855
2015-03-12,1960.0,1945.0,1930.0,1945.0,504
2015-03-15,1945.0,1930.0,1916.0,1925.0,851
2015-03-16,1925.0,1920.0,1910.0,1911.0,681
2015-03-17,1911.0,1920.0,1905.0,1906.0,"1,912"
2015-03-18,1906.0,1917.0,1880.0,1901.0,"1,952"
2015-03-19,1901.0,1925.0,1900.0,1925.0,803
2015-03-22,1925.0,1920.0,1900.0,1909.0,"2,388"
2015-03-23,1909.0,1904.0,1888.0,1900.0,"1,911"
2015-03-24,1900.0,1900.0,1880.0,1900.0,919
2015-03-25,1900.0,1901.0,1865.0,1887.0,"1,876"
2015-03-26,1887.0,1887.0,1860.0,1870.0,"1,816"
2015-03-29,1870.0,1880.0,1840.0,1880.0,794
2015-03-30,1880.0,1882.0,1879.0,1881.0,"1,513"
2015-03-31,1881.0,1890.0,1875.0,1875.0,808
2015-04-01,1875.0,1875.0,1860.0,1875.0,232
2015-04-02,1875.0,1889.0,1855.0,1889.0,"1,601"
2015-04-05,1889.0,1870.0,1850.0,1865.0,"1,849"
2015-04-06,1865.0,1880.0,1830.0,1880.0,719
2015-04-07,1880.0,1870.0,1870.0,1870.0,134
2015-04-08,1870.0,1895.0,1865.0,1895.0,649
2015-04-09,1895.0,1930.0,1900.0,1905.0,633
2015-04-12,1905.0,1960.0,1900.0,1940.0,"1,785"
2015-04-13,1940.0,1930.0,1895.0,1920.0,"1,721"
2015-04-15,1920.0,1930.0,1895.0,1895.0,738
2015-04-16,1895.0,1950.0,1885.0,1950.0,"1,399"
2015-04-19,1950.0,1930.0,1895.0,1925.0,"1,956"
2015-04-20,1925.0,1940.0,1900.0,1940.0,"1,739"
2015-04-21,1940.0,1930.0,1900.0,1930.0,"6,138"
2015-04-22,1930.0,1916.0,1880.0,1900.0,"2,300"
2015-04-23,1900.0,1905.0,1870.0,1902.0,"2,509"
2015-05-25,1902.0,1864.0,1712.0,1712.0,731
2015-05-26,1712.0,1695.0,1603.0,1650.0,"7,687"
2015-05-27,1650.0,1640.0,1585.0,1615.0,"2,258"
2015-05-28,1615.0,1632.0,1575.0,1602.0,"4,064"
2015-05-31,1602.0,1723.0,1634.0,1723.0,"2,975"
2015-06-01,1723.0,1841.0,1750.0,1819.0,"2,683"
2015-06-02,1819.0,1850.0,1810.0,1850.0,"1,778"
2015-06-03,1850.0,1908.0,1860.0,1908.0,"1,392"
2015-06-04,1908.0,1930.0,1880.0,1900.0,"2,197"
2015-06-07,1900.0,1911.0,1900.0,1910.0,"1,707"
2015-06-08,1910.0,1940.0,1915.0,1935.0,478
2015-06-08,1910.0,1940.0,1915.0,1935.0,478
2015-06-08,1910.0,1940.0,1915.0,1935.0,478
2015-06-09,1935.0,2010.0,1963.0,2010.0,"2,923"
2015-06-10,2010.0,2002.0,1980.0,1982.0,"3,961"
2015-06-11,1982.0,1970.0,1940.0,1940.0,661
2015-06-14,1940.0,1965.0,1921.0,1925.0,"1,089"
2015-06-16,1925.0,1930.0,1900.0,1900.0,600
2015-06-17,1900.0,1900.0,1881.0,1881.0,"2,620"
2015-06-18,1881.0,1880.0,1880.0,1880.0,332
2015-06-21,1880.0,1875.0,1860.0,1875.0,436
2015-06-22,1875.0,1885.0,1860.0,1875.0,"3,016"
2015-06-23,1875.0,1880.0,1851.0,1880.0,"2,293"
2015-06-24,1880.0,1885.0,1880.0,1881.0,"1,352"
2015-06-25,1881.0,1885.0,1850.0,1885.0,"3,274"
2015-06-28,1885.0,1901.0,1886.0,1900.0,911
2015-06-29,1900.0,1920.0,1890.0,1905.0,"3,878"
2015-06-30,1905.0,1930.0,1892.0,1909.0,"2,117"
2015-07-01,1909.0,1925.0,1896.0,1909.0,"2,457"
2015-07-02,1909.0,1910.0,1900.0,1909.0,"2,986"
2015-07-05,1909.0,1920.0,1901.0,1919.0,"2,251"
2015-07-06,1919.0,1923.0,1900.0,1923.0,902
2015-07-07,1923.0,1930.0,1902.0,1911.0,"3,906"
2015-07-08,1911.0,1916.0,1905.0,1910.0,"1,567"
2015-07-09,1910.0,1922.0,1900.0,1920.0,"1,628"
2015-07-12,1920.0,1935.0,1900.0,1935.0,"2,796"
2015-07-13,1935.0,1932.0,1907.0,1924.0,"1,398"
2015-07-14,1924.0,1925.0,1910.0,1920.0,439
2015-07-15,1920.0,1930.0,1916.0,1930.0,"1,266"
2015-07-16,1930.0,1930.0,1901.0,1910.0,"2,248"
2015-07-22,1910.0,1925.0,1900.0,1900.0,"3,604"
2015-07-23,1900.0,2010.0,1900.0,2010.0,"6,999"
2015-07-26,2010.0,2091.0,2050.0,2091.0,"2,070"
2015-07-27,2091.0,2300.0,2132.0,2300.0,"46,545"
2015-07-28,2300.0,2305.0,2200.0,2250.0,"15,694"
2015-07-29,2250.0,2250.0,2225.0,2240.0,"7,549"
2015-07-30,2240.0,2346.0,2240.0,2300.0,"5,450"
2015-08-02,2300.0,2346.0,2300.0,2310.0,"6,054"
2015-08-03,2310.0,2310.0,2298.0,2309.0,"6,203"
2015-08-04,2309.0,2310.0,2271.0,2289.0,"6,686"
2015-08-05,2289.0,2290.0,2279.0,2280.0,"6,523"
2015-08-06,2280.0,2340.0,2290.0,2300.0,"9,493"
2015-08-09,2300.0,2398.0,2320.0,2398.0,"7,017"
2015-08-10,2398.0,2493.0,2420.0,2490.0,"7,210"
2015-08-11,2490.0,2500.0,2450.0,2470.0,"5,823"
2015-08-12,2470.0,2480.0,2430.0,2471.0,"4,389"
2015-08-13,2471.0,2500.0,2440.0,2500.0,"7,919"
2015-08-16,2500.0,2650.0,2519.0,2595.0,"8,792"
2015-08-17,2595.0,2750.0,2623.0,2690.0,"14,195"
2015-08-18,2690.0,2784.0,2637.0,2700.0,"14,079"
2015-08-18,2690.0,2784.0,2637.0,2700.0,"14,079"
2015-08-19,2700.0,2709.0,2660.0,2690.0,"7,336"
2015-08-20,2690.0,2794.0,2690.0,2695.0,"8,915"
2015-08-23,2695.0,2719.0,2630.0,2670.0,"7,495"
2015-08-24,2670.0,2680.0,2600.0,2610.0,"7,472"
2015-08-25,2610.0,2600.0,2566.0,2579.0,"2,958"
2015-08-26,2579.0,2585.0,2555.0,2556.0,"1,184"
2015-08-27,2556.0,2615.0,2570.0,2580.0,"5,228"
2015-08-31,2580.0,2600.0,2580.0,2599.0,"5,198"
2015-09-01,2599.0,2606.0,2570.0,2579.0,"4,880"
2015-09-02,2579.0,2550.0,2456.0,2480.0,"5,980"
2015-09-03,2480.0,2505.0,2454.0,2465.0,"7,315"
2015-09-06,2465.0,2475.0,2400.0,2450.0,"7,695"
2015-09-07,2450.0,2510.0,2480.0,2499.0,"6,420"
2015-09-08,2499.0,2548.0,2527.0,2531.0,"5,434"
2015-09-09,2531.0,2550.0,2511.0,2511.0,"2,291"
2015-09-10,2511.0,2515.0,2496.0,2500.0,"3,357"
2015-09-13,2500.0,2530.0,2500.0,2505.0,"3,986"
2015-09-14,2505.0,2630.0,2555.0,2578.0,"5,240"
2015-09-15,2578.0,2674.0,2616.0,2674.0,"7,770"
2015-09-16,2674.0,2720.0,2665.0,2675.0,"8,423"
2015-09-17,2675.0,2725.0,2640.0,2640.0,"7,164"
2015-09-22,2640.0,2601.0,2490.0,2510.0,"6,135"
2015-09-23,2510.0,2710.0,2560.0,2600.0,"4,063"
2015-09-24,2600.0,2610.0,2550.0,2575.0,"2,943"
2015-09-28,2575.0,2524.0,2425.0,2491.0,"7,147"
2015-09-29,2491.0,2550.0,2530.0,2540.0,"1,860"
2015-09-30,2540.0,2580.0,2550.0,2560.0,"3,841"
2015-10-01,2560.0,2579.0,2550.0,2550.0,"4,485"
2015-10-04,2550.0,2600.0,2570.0,2570.0,"3,832"
2015-10-05,2570.0,2519.0,2400.0,2440.0,"8,896"
2015-10-06,2440.0,2415.0,2392.0,2395.0,"5,150"
2015-10-07,2395.0,2390.0,2315.0,2350.0,"4,895"
2015-10-08,2350.0,2440.0,2300.0,2440.0,"8,804"
2015-10-11,2440.0,2480.0,2375.0,2375.0,"5,062"
2015-10-14,2375.0,2398.0,2350.0,2375.0,"1,262"
2015-10-15,2375.0,2360.0,2355.0,2360.0,645
2015-10-18,2360.0,2358.0,2350.0,2358.0,635
2015-10-19,2358.0,2430.0,2345.0,2400.0,"1,322"
2015-10-25,2400.0,2356.0,2356.0,2356.0,200
2015-10-27,2356.0,2340.0,2280.0,2280.0,"2,207"
2015-10-28,2280.0,2270.0,2190.0,2240.0,"4,705"
2015-10-29,2240.0,2290.0,2242.0,2279.0,"3,741"
2015-11-01,2279.0,2300.0,2250.0,2275.0,"3,800"
2015-11-02,2275.0,2330.0,2290.0,2310.0,"2,382"
2015-11-03,2310.0,2289.0,2266.0,2270.0,"1,031"
2015-11-04,2270.0,2280.0,2270.0,2280.0,"1,000"
2015-11-05,2280.0,2260.0,2250.0,2250.0,"1,347"
2015-11-08,2250.0,2251.0,2225.0,2249.0,"1,418"
2015-11-09,2249.0,2320.0,2270.0,2280.0,"2,009"
2015-11-10,2280.0,2320.0,2300.0,2310.0,850
2015-11-15,2310.0,2305.0,2275.0,2305.0,911
2015-11-16,2305.0,2290.0,2275.0,2288.0,628
2015-11-18,2288.0,2315.0,2300.0,2309.0,"1,524"
2015-11-19,2309.0,2300.0,2288.0,2288.0,"1,574"
2015-11-22,2288.0,2255.0,2200.0,2205.0,"2,830"
2015-11-23,2205.0,2210.0,2100.0,2210.0,"1,707"
2015-11-24,2210.0,2210.0,2170.0,2180.0,"3,418"
2015-11-25,2180.0,2160.0,2125.0,2130.0,"1,678"
2015-11-26,2130.0,2130.0,2060.0,2100.0,"4,339"
2015-11-29,2100.0,2100.0,2000.0,2020.0,"7,340"
2015-11-30,2020.0,2090.0,2046.0,2090.0,"3,522"
2015-12-01,2090.0,2220.0,2131.0,2200.0,"2,984"
2015-12-02,2200.0,2250.0,2181.0,2248.0,"6,332"
2015-12-03,2248.0,2300.0,2205.0,2300.0,"9,386"
2015-12-06,1769.0,1840.0,1799.0,1819.0,"2,215"
2015-12-07,1819.0,1950.0,1850.0,1895.0,"3,087"
2015-12-08,1895.0,1900.0,1858.0,1900.0,670
2015-12-09,1900.0,1940.0,1910.0,1940.0,"2,083"
2015-12-10,1940.0,1940.0,1900.0,1900.0,"1,769"
2015-12-13,1900.0,1903.0,1881.0,1903.0,"1,240"
2015-12-14,1903.0,1890.0,1880.0,1890.0,"1,024"
2015-12-15,1890.0,1890.0,1860.0,1860.0,"1,870"
2015-12-16,1860.0,1865.0,1850.0,1854.0,"1,084"
2015-12-17,1854.0,1860.0,1810.0,1842.0,"17,060"
2015-12-20,1842.0,1844.0,1815.0,1830.0,"2,620"
2015-12-21,1830.0,1825.0,1800.0,1800.0,"3,696"
2015-12-22,1800.0,1841.0,1800.0,1840.0,"11,125"
2015-12-23,1840.0,1840.0,1800.0,1821.0,"4,272"
2015-12-24,1821.0,1830.0,1810.0,1815.0,"10,147"
2015-12-27,1815.0,1820.0,1800.0,1800.0,"6,169"
2015-12-28,1800.0,1820.0,1800.0,1820.0,"3,102"
2015-12-29,1820.0,1854.0,1820.0,1853.0,"2,077"
2015-12-31,1853.0,1870.0,1855.0,1860.0,"1,657"
2016-01-03,1860.0,1860.0,1825.0,1840.0,"2,053"
2016-01-04,1840.0,1850.0,1800.0,1800.0,"2,496"
2016-01-05,1800.0,1829.0,1798.0,1800.0,"4,394"
2016-01-06,1800.0,1808.0,1795.0,1795.0,"2,708"
2016-01-07,1795.0,1815.0,1800.0,1815.0,"2,329"
2016-01-10,1815.0,1825.0,1810.0,1820.0,"1,164"
2016-01-11,1820.0,1835.0,1820.0,1826.0,"3,689"
2016-01-12,1826.0,1830.0,1820.0,1830.0,"1,925"
2016-01-12,1826.0,1830.0,1820.0,1830.0,"1,925"
2016-01-13,1830.0,1830.0,1814.0,1814.0,"3,603"
2016-01-14,1814.0,1860.0,1820.0,1850.0,"5,613"
2016-01-17,1850.0,1899.0,1870.0,1890.0,"4,290"
2016-01-18,1890.0,1965.0,1920.0,1920.0,"9,726"
2016-01-19,1920.0,1930.0,1880.0,1920.0,"1,608"
2016-01-20,1920.0,1935.0,1915.0,1921.0,"3,643"
2016-01-21,1921.0,1920.0,1905.0,1905.0,"2,078"
2016-01-24,1905.0,1910.0,1882.0,1895.0,"2,193"
2016-01-25,1895.0,1920.0,1900.0,1920.0,"4,535"
2016-01-26,1920.0,1904.0,1888.0,1898.0,"3,551"
2016-01-27,1898.0,1900.0,1884.0,1885.0,"2,929"
2016-01-28,1885.0,1899.0,1880.0,1890.0,"2,050"
2016-01-31,1890.0,1900.0,1880.0,1890.0,"3,302"
2016-02-01,1890.0,1923.0,1892.0,1905.0,"3,476"
2016-02-02,1905.0,1929.0,1890.0,1900.0,"3,778"
2016-02-03,1900.0,1905.0,1894.0,1900.0,"2,036"
2016-02-04,1900.0,1935.0,1905.0,1917.0,"4,192"
2016-02-07,1917.0,1970.0,1930.0,1935.0,"4,515"
2016-02-08,1935.0,1935.0,1915.0,1919.0,"3,886"
2016-02-11,1919.0,1930.0,1900.0,1912.0,"3,387"
2016-02-14,1912.0,1901.0,1890.0,1900.0,"4,307"
2016-02-15,1900.0,1900.0,1875.0,1900.0,"2,053"
2016-02-16,1900.0,1890.0,1880.0,1880.0,"1,449"
2016-02-17,1880.0,1886.0,1878.0,1886.0,"5,273"
2016-02-18,1886.0,1898.0,1887.0,1893.0,"3,228"
2016-02-21,1893.0,1925.0,1893.0,1907.0,"4,217"
2016-02-22,1907.0,1976.0,1900.0,1955.0,"4,212"
2016-02-23,1955.0,1985.0,1940.0,1950.0,"5,681"
2016-02-24,1950.0,1960.0,1915.0,1915.0,"4,195"
2016-02-25,1915.0,1925.0,1877.0,1921.0,"4,285"
2016-02-28,1921.0,1929.0,1920.0,1920.0,"2,725"
2016-02-29,1920.0,1920.0,1900.0,1906.0,"5,612"
2016-03-01,1906.0,1915.0,1900.0,1900.0,"4,458"
2016-03-02,1900.0,1907.0,1900.0,1900.0,"7,900"
2016-03-03,1900.0,1907.0,1891.0,1900.0,"5,331"
2016-03-06,1900.0,1932.0,1909.0,1909.0,"6,376"
2016-03-10,1909.0,1925.0,1890.0,1900.0,"5,309"
2016-03-13,1900.0,1905.0,1895.0,1904.0,"6,881"
2016-03-14,1904.0,1910.0,1895.0,1895.0,"2,691"
2016-03-15,1895.0,1900.0,1880.0,1890.0,"2,344"
2016-03-16,1890.0,1905.0,1885.0,1895.0,"4,862"
2016-03-17,1895.0,1909.0,1887.0,1900.0,"4,783"
2016-03-20,1900.0,1919.0,1900.0,1910.0,"6,955"
2016-03-21,1910.0,1938.0,1910.0,1919.0,"5,128"
2016-03-23,1919.0,1930.0,1918.0,1925.0,"9,561"
2016-03-24,1925.0,1986.0,1930.0,1985.0,"19,150"
2016-03-27,1985.0,2115.0,1990.0,2111.0,"24,872"
2016-03-28,2111.0,2200.0,2111.0,2120.0,"21,421"
2016-03-29,2120.0,2120.0,2069.0,2099.0,"12,316"
2016-03-30,2099.0,2110.0,2089.0,2090.0,"9,623"
2016-03-31,2090.0,2099.0,2050.0,2060.0,"6,321"
2016-04-03,2060.0,2065.0,2008.0,2044.0,"16,615"
2016-04-04,2044.0,2075.0,2044.0,2065.0,"6,426"
2016-04-05,2065.0,2110.0,2080.0,2091.0,"9,382"
2016-04-06,2091.0,2105.0,2082.0,2092.0,"6,587"
2016-04-10,2092.0,2099.0,2080.0,2090.0,"6,121"
2016-04-11,2090.0,2100.0,2075.0,2100.0,"5,118"
2016-04-12,2100.0,2115.0,2095.0,2110.0,"12,264"
2016-04-14,2110.0,2121.0,2110.0,2120.0,"16,535"
2016-04-17,2120.0,2133.0,2115.0,2119.0,"16,462"
2016-04-18,2119.0,2174.0,2120.0,2170.0,"19,064"
2016-04-19,2170.0,2234.0,2196.0,2200.0,"20,539"
2016-04-20,2200.0,2280.0,2240.0,2260.0,"12,612"
2016-04-21,2260.0,2261.0,2220.0,2241.0,"10,389"
2016-04-24,2241.0,2261.0,2235.0,2251.0,"23,129"
2016-04-25,2251.0,2260.0,2231.0,2260.0,"12,157"
2016-04-26,2260.0,2258.0,2230.0,2235.0,"6,028"
2016-04-27,2235.0,2234.0,2205.0,2232.0,"5,481"
2016-04-28,2232.0,2260.0,2236.0,2237.0,"6,911"
2016-05-02,2237.0,2303.0,2250.0,2302.0,"13,851"
2016-05-03,2302.0,2320.0,2281.0,2281.0,"7,205"
2016-05-04,2281.0,2270.0,2251.0,2260.0,"7,234"
2016-05-05,2260.0,2244.0,2200.0,2232.0,"11,076"
2016-05-08,2232.0,2295.0,2260.0,2270.0,"17,095"
2016-05-09,2270.0,2290.0,2265.0,2280.0,"11,426"
2016-05-10,2280.0,2284.0,2262.0,2269.0,"5,672"
2016-05-11,2269.0,2269.0,2241.0,2269.0,"6,580"
2016-05-12,2269.0,2265.0,2242.0,2250.0,"4,234"
2016-05-15,2250.0,2260.0,2237.0,2237.0,"6,561"
2016-05-16,2237.0,2248.0,2226.0,2227.0,"4,570"
2016-05-17,2227.0,2270.0,2195.0,2270.0,"6,183"
2016-05-18,2270.0,2270.0,2260.0,2270.0,"7,071"
2016-05-19,2270.0,2294.0,2260.0,2281.0,"12,779"
2016-05-22,2281.0,2290.0,2270.0,2273.0,"8,195"
2016-05-23,2273.0,2286.0,2275.0,2275.0,"17,102"
2016-05-24,2275.0,2315.0,2255.0,2310.0,"22,878"
2016-05-25,2310.0,2340.0,2255.0,2280.0,"17,473"
2016-05-26,2280.0,2295.0,2230.0,2271.0,"21,199"
2016-05-29,2271.0,2275.0,2251.0,2268.0,"8,274"
2016-05-30,2268.0,2260.0,2233.0,2241.0,"5,929"
2016-05-31,2241.0,2260.0,2211.0,2220.0,"14,443"
2016-06-01,2220.0,2230.0,2200.0,2220.0,"13,154"
2016-06-02,2220.0,2220.0,2190.0,2208.0,"7,999"
2016-06-05,2208.0,2205.0,2150.0,2150.0,"9,695"
2016-06-06,2150.0,2200.0,2170.0,2195.0,"5,723"
2016-06-07,2195.0,2240.0,2200.0,2235.0,"2,553"
2016-06-08,2235.0,2241.0,2225.0,2241.0,"3,432"
2016-06-09,2241.0,2241.0,2229.0,2239.0,"6,121"
2016-06-12,2239.0,2360.0,2200.0,2341.0,"10,137"
2016-06-13,2341.0,2433.0,2281.0,2310.0,"11,973"
2016-06-14,2310.0,2330.0,2280.0,2280.0,"13,714"
2016-06-15,2280.0,2310.0,2280.0,2289.0,"4,013"
2016-06-16,2289.0,2298.0,2280.0,2295.0,"6,768"
2016-06-19,2295.0,2299.0,2260.0,2275.0,"2,634"
2016-06-20,2275.0,2300.0,2275.0,2276.0,"5,110"
2016-06-21,2276.0,2295.0,2275.0,2286.0,"7,090"
2016-06-22,2286.0,2330.0,2290.0,2308.0,"8,859"
2016-06-23,2308.0,2380.0,2285.0,2340.0,"15,451"
2016-06-26,2340.0,2412.0,2350.0,2400.0,"17,602"
2016-06-27,2400.0,2460.0,2400.0,2450.0,"26,477"
2016-06-28,2450.0,2509.0,2450.0,2471.0,"17,785"
2016-06-29,2471.0,2490.0,2450.0,2450.0,"5,774"
2016-06-30,2450.0,2432.0,2382.0,2410.0,"7,877"
2016-07-03,2410.0,2404.0,2389.0,2400.0,"7,898"
2016-07-04,2400.0,2400.0,2380.0,2395.0,"5,504"
2016-07-05,2395.0,2400.0,2371.0,2380.0,"9,924"
2016-07-06,2380.0,2399.0,2370.0,2375.0,"7,384"
2016-07-10,2375.0,2408.0,2382.0,2395.0,"12,007"
2016-07-11,2395.0,2400.0,2360.0,2380.0,"4,852"
2016-07-12,2380.0,2382.0,2250.0,2363.0,"11,880"
2016-07-13,2363.0,2340.0,2281.0,2330.0,"6,603"
2016-07-14,2330.0,2397.0,2325.0,2344.0,"8,541"
2016-07-17,2344.0,2395.0,2345.0,2370.0,"7,199"
2016-07-18,2370.0,2417.0,2370.0,2389.0,"12,061"
2016-07-19,2389.0,2450.0,2390.0,2415.0,"16,715"
2016-07-20,2415.0,2463.0,2411.0,2420.0,"14,158"
2016-07-21,2420.0,2445.0,2400.0,2425.0,"8,852"
2016-07-25,2425.0,2480.0,2435.0,2460.0,"10,227"
2016-07-26,2460.0,2500.0,2445.0,2450.0,"15,494"
2016-07-27,2450.0,2480.0,2450.0,2466.0,"13,182"
2016-07-28,2466.0,2500.0,2435.0,2465.0,"16,728"
2016-07-31,2465.0,2495.0,2368.0,2463.0,"9,411"
2016-08-01,2463.0,2470.0,2420.0,2451.0,"4,693"
2016-08-02,2451.0,2440.0,2400.0,2440.0,"2,757"
2016-08-03,2440.0,2412.0,2376.0,2385.0,"5,966"
2016-08-04,2385.0,2385.0,2320.0,2342.0,"7,256"
2016-08-07,2342.0,2399.0,2340.0,2345.0,"6,957"
2016-08-08,2345.0,2316.0,2240.0,2240.0,"5,806"
2016-08-09,2240.0,2329.0,2284.0,2329.0,100
2016-08-10,2329.0,2420.0,2290.0,2350.0,"10,963"
2016-08-11,2350.0,2397.0,2340.0,2360.0,"6,065"
2016-08-14,2360.0,2400.0,2321.0,2340.0,"9,548"
2016-08-15,2340.0,2300.0,2205.0,2260.0,"6,011"
2016-08-16,2260.0,2290.0,2215.0,2285.0,"5,042"
2016-08-17,2285.0,2305.0,2275.0,2290.0,"5,701"
2016-08-21,2290.0,2310.0,2280.0,2290.0,"4,223"
2016-08-22,2290.0,2300.0,2265.0,2277.0,"5,345"
2016-08-23,2277.0,2290.0,2270.0,2289.0,"4,326"
2016-08-24,2289.0,2305.0,2280.0,2300.0,"5,288"
2016-08-28,2300.0,2340.0,2274.0,2325.0,"7,682"
2016-08-29,2325.0,2380.0,2320.0,2320.0,"10,886"
2016-08-30,2320.0,2380.0,2350.0,2368.0,"3,240"
2016-08-31,2368.0,2364.0,2340.0,2360.0,"4,905"
2016-09-01,2360.0,2377.0,2350.0,2365.0,"5,878"
2016-09-03,2365.0,2420.0,2372.0,2408.0,"4,415"
2016-09-04,2365.0,2420.0,2372.0,2408.0,"4,415"
2016-09-05,2408.0,2479.0,2450.0,2472.0,"9,127"
2016-09-06,2472.0,2495.0,2395.0,2450.0,"9,151"
2016-09-07,2450.0,2548.0,2450.0,2468.0,"54,493"
2016-09-08,2468.0,2469.0,2430.0,2438.0,"15,550"
2016-09-11,2438.0,2440.0,2400.0,2410.0,"7,702"
2016-09-12,2410.0,2405.0,2375.0,2390.0,"10,027"
2016-09-14,2390.0,2450.0,2400.0,2411.0,"25,405"
2016-09-18,2411.0,2430.0,2360.0,2369.0,"24,822"
2016-09-20,2369.0,2390.0,2340.0,2350.0,"75,157"
2016-09-22,1808.0,1800.0,1750.0,1765.0,"16,998"
2016-09-25,1765.0,1760.0,1700.0,1700.0,"14,267"
2016-09-26,1700.0,1781.0,1685.0,1781.0,"6,711"
2016-09-27,1781.0,1785.0,1760.0,1768.0,"6,462"
2016-09-28,1768.0,1770.0,1757.0,1764.0,"2,686"
2016-09-29,1764.0,1798.0,1760.0,1792.0,"7,195"
2016-10-02,1792.0,1800.0,1780.0,1780.0,"9,133"
2016-10-03,1780.0,1800.0,1782.0,1788.0,"3,604"
2016-10-04,1788.0,1809.0,1795.0,1800.0,"10,545"
2016-10-05,1800.0,1810.0,1780.0,1790.0,"4,046"
2016-10-06,1790.0,1800.0,1780.0,1780.0,"6,546"
2016-10-16,1780.0,1800.0,1760.0,1770.0,"2,605"
2016-10-17,1770.0,1780.0,1743.0,1774.0,"4,532"
2016-10-18,1774.0,1800.0,1746.0,1789.0,"4,476"
2016-10-19,1789.0,1795.0,1781.0,1790.0,"3,025"
2016-10-20,1790.0,1790.0,1775.0,1785.0,"4,051"
2016-10-23,1785.0,1785.0,1762.0,1765.0,"8,690"
2016-10-24,1765.0,1770.0,1740.0,1740.0,"10,127"
2016-10-25,1740.0,1741.0,1702.0,1729.0,"2,830"
2016-10-26,1729.0,1744.0,1705.0,1740.0,"6,550"
2016-10-27,1740.0,1755.0,1730.0,1755.0,"3,259"
2016-11-03,1755.0,1795.0,1760.0,1760.0,"5,932"
2016-11-07,1760.0,1760.0,1735.0,1739.0,"4,023"
2016-11-08,1739.0,1758.0,1712.0,1725.0,"3,671"
2016-11-09,1725.0,1716.0,1675.0,1708.0,"5,692"
2016-11-10,1708.0,1710.0,1697.0,1700.0,"8,482"
2016-11-13,1700.0,1720.0,1690.0,1703.0,"9,265"
2016-11-14,1703.0,1730.0,1703.0,1722.0,"4,633"
2016-11-15,1722.0,1725.0,1710.0,1716.0,"4,705"
2016-11-16,1716.0,1721.0,1695.0,1695.0,"6,094"
2016-11-17,1695.0,1705.0,1660.0,1670.0,"8,823"
2016-11-20,1670.0,1650.0,1596.0,1630.0,"8,592"
2016-11-21,1630.0,1680.0,1605.0,1635.0,"5,441"
2016-11-22,1635.0,1655.0,1605.0,1630.0,"7,277"
2016-11-23,1630.0,1626.0,1596.0,1600.0,"8,590"
2016-11-24,1600.0,1610.0,1589.0,1595.0,"6,007"
2016-11-27,1595.0,1588.0,1540.0,1555.0,"4,670"
2016-11-28,1555.0,1640.0,1450.0,1640.0,"10,412"
2016-11-29,1640.0,1655.0,1600.0,1655.0,"7,847"
2016-11-30,1655.0,1700.0,1640.0,1691.0,"7,451"
2016-12-01,1691.0,1734.0,1652.0,1674.0,"7,265"
2016-12-04,1674.0,1670.0,1600.0,1670.0,"4,200"
2016-12-05,1670.0,1690.0,1610.0,1640.0,"2,489"
2016-12-06,1640.0,1650.0,1618.0,1638.0,"2,942"
2016-12-07,1638.0,1640.0,1625.0,1635.0,944
2016-12-08,1635.0,1635.0,1616.0,1630.0,"2,418"
2016-12-11,1630.0,1615.0,1600.0,1600.0,"2,229"
2016-12-12,1600.0,1605.0,1590.0,1590.0,"3,275"
2016-12-14,1590.0,1605.0,1575.0,1580.0,"3,618"
2016-12-15,1580.0,1596.0,1565.0,1580.0,"3,144"
2016-12-18,1580.0,1590.0,1565.0,1575.0,"2,536"
2016-12-19,1575.0,1581.0,1571.0,1580.0,"6,814"
2016-12-20,1580.0,1581.0,1565.0,1570.0,"4,956"
2016-12-21,1570.0,1561.0,1530.0,1533.0,"2,243"
2016-12-22,1533.0,1540.0,1524.0,1530.0,"4,389"
2016-12-26,1530.0,1518.0,1500.0,1508.0,"5,860"
2016-12-27,1508.0,1500.0,1421.0,1479.0,"3,491"
2016-12-28,1479.0,1485.0,1450.0,1475.0,"6,181"
2016-12-29,1475.0,1519.0,1481.0,1519.0,"3,186"
2017-01-01,1519.0,1548.0,1525.0,1530.0,"3,097"
2017-01-02,1530.0,1550.0,1525.0,1544.0,"10,617"
2017-01-03,1544.0,1550.0,1525.0,1525.0,"5,907"
2017-01-04,1525.0,1529.0,1515.0,1515.0,"1,430"
2017-01-05,1515.0,1520.0,1500.0,1505.0,"4,175"
2017-01-08,1505.0,1510.0,1495.0,1510.0,"2,781"
2017-01-09,1510.0,1529.0,1510.0,1519.0,"1,389"
2017-01-10,1519.0,1551.0,1525.0,1538.0,"3,248"
2017-01-11,1538.0,1565.0,1540.0,1565.0,"4,054"
2017-01-12,1565.0,1565.0,1546.0,1560.0,"1,982"
2017-01-15,1560.0,1550.0,1530.0,1540.0,"2,316"
2017-01-16,1540.0,1540.0,1505.0,1508.0,"5,298"
2017-01-17,1508.0,1525.0,1500.0,1505.0,"3,743"
2017-01-18,1505.0,1512.0,1490.0,1504.0,"5,013"
2017-01-19,1504.0,1515.0,1500.0,1500.0,"3,585"
2017-01-22,1500.0,1515.0,1500.0,1506.0,"2,713"
2017-01-23,1506.0,1516.0,1500.0,1500.0,"2,874"
2017-01-24,1500.0,1500.0,1481.0,1487.0,"2,963"
2017-01-25,1487.0,1459.0,1426.0,1441.0,"7,828"
2017-01-26,1441.0,1445.0,1400.0,1432.0,"4,524"
2017-01-30,1432.0,1425.0,1350.0,1365.0,"6,198"
2017-01-31,1365.0,1390.0,1304.0,1390.0,"7,174"
2017-02-01,1390.0,1450.0,1400.0,1442.0,"5,711"
2017-02-02,1442.0,1485.0,1440.0,1455.0,"5,462"
2017-02-05,1455.0,1480.0,1412.0,1455.0,"4,887"
2017-02-06,1455.0,1455.0,1420.0,1420.0,"3,203"
2017-02-07,1420.0,1422.0,1400.0,1405.0,"7,394"
2017-02-08,1405.0,1420.0,1382.0,1395.0,"6,077"
2017-02-09,1395.0,1391.0,1370.0,1370.0,"4,797"
2017-02-12,1370.0,1343.0,1295.0,1305.0,"11,250"
2017-02-13,1305.0,1380.0,1275.0,1370.0,"10,589"
2017-02-14,1370.0,1375.0,1346.0,1360.0,"8,847"
2017-02-15,1360.0,1412.0,1370.0,1412.0,"6,199"
2017-02-16,1412.0,1458.0,1415.0,1456.0,"7,547"
2017-02-19,1456.0,1500.0,1427.0,1496.0,"7,010"
2017-02-20,1496.0,1549.0,1510.0,1520.0,"7,377"
2017-02-21,1520.0,1550.0,1495.0,1515.0,"7,723"
2017-02-22,1515.0,1505.0,1475.0,1485.0,"1,883"
2017-02-23,1485.0,1485.0,1465.0,1471.0,"2,710"
2017-02-26,1471.0,1470.0,1405.0,1405.0,"4,770"
2017-02-28,1405.0,1400.0,1377.0,1395.0,"4,357"
2017-03-01,1395.0,1407.0,1388.0,1400.0,"8,356"
2017-03-02,1400.0,1421.0,1401.0,1420.0,"3,487"
2017-03-05,1420.0,1461.0,1395.0,1450.0,"5,909"
2017-03-06,1450.0,1470.0,1451.0,1469.0,"3,287"
2017-03-07,1469.0,1450.0,1424.0,1435.0,"4,045"
2017-03-09,1435.0,1463.0,1436.0,1436.0,"3,014"
2017-03-13,1436.0,1460.0,1435.0,1455.0,"2,366"
2017-03-14,1455.0,1465.0,1440.0,1449.0,"1,385"
2017-03-15,1449.0,1449.0,1421.0,1440.0,"1,235"
2017-03-16,1440.0,1449.0,1431.0,1440.0,"3,233"
2017-03-19,1440.0,1446.0,1430.0,1440.0,"4,640"
2017-03-20,1440.0,1465.0,1440.0,1460.0,"10,234"
2017-03-21,1460.0,1475.0,1450.0,1475.0,"7,625"
2017-03-22,1475.0,1538.0,1480.0,1481.0,"12,277"
2017-03-23,1481.0,1499.0,1465.0,1470.0,"8,543"
2017-03-26,1470.0,1529.0,1480.0,1500.0,"14,931"
2017-03-28,1500.0,1581.0,1529.0,1575.0,"9,939"
2017-03-29,1575.0,1606.0,1550.0,1570.0,"18,088"
2017-03-30,1570.0,1570.0,1541.0,1550.0,"9,746"
2017-04-02,1550.0,1591.0,1560.0,1579.0,"8,810"
2017-04-03,1579.0,1716.0,1550.0,1577.0,"15,195"
2017-04-04,1577.0,1594.0,1550.0,1580.0,"8,995"
2017-04-06,1580.0,1580.0,1556.0,1570.0,"5,503"
2017-04-09,1570.0,1585.0,1539.0,1568.0,"4,935"
2017-04-10,1568.0,1575.0,1550.0,1575.0,"8,280"
2017-04-11,1575.0,1628.0,1592.0,1600.0,"9,167"
2017-04-12,1600.0,1635.0,1592.0,1615.0,"8,132"
2017-04-13,1615.0,1600.0,1565.0,1590.0,"4,916"
2017-04-16,1590.0,1590.0,1540.0,1556.0,"2,911"
2017-04-18,1556.0,1556.0,1515.0,1515.0,"2,972"
2017-04-19,1515.0,1545.0,1500.0,1540.0,"3,753"
2017-04-20,1540.0,1570.0,1540.0,1551.0,"4,148"
2017-04-23,1551.0,1650.0,1580.0,1599.0,"7,475"
2017-04-24,1599.0,1600.0,1575.0,1599.0,"4,041"
2017-04-25,1599.0,1596.0,1570.0,1590.0,"3,009"
2017-04-26,1590.0,1579.0,1565.0,1574.0,"2,038"
2017-04-27,1574.0,1581.0,1557.0,1580.0,"3,571"
2017-04-30,1580.0,1580.0,1545.0,1545.0,"6,533"
2017-05-02,1545.0,1545.0,1535.0,1535.0,"2,341"
2017-05-03,1535.0,1596.0,1560.0,1569.0,"3,461"
2017-05-04,1569.0,1570.0,1552.0,1560.0,"2,743"
2017-05-07,1560.0,1560.0,1525.0,1535.0,"3,218"
2017-05-08,1535.0,1564.0,1520.0,1540.0,"2,702"
2017-05-09,1540.0,1580.0,1550.0,1560.0,"2,023"
2017-05-11,1560.0,1570.0,1560.0,1560.0,"2,672"
2017-05-15,1560.0,1577.0,1560.0,1560.0,"3,167"
2017-05-16,1560.0,1560.0,1536.0,1558.0,"1,888"
2017-05-17,1558.0,1560.0,1550.0,1560.0,"2,503"
2017-05-18,1560.0,1565.0,1540.0,1554.0,"5,123"
2017-05-21,1554.0,1560.0,1535.0,1550.0,"1,204"
2017-05-22,1550.0,1559.0,1535.0,1535.0,"1,271"
2017-05-23,1535.0,1560.0,1540.0,1550.0,"3,558"
2017-05-24,1550.0,1557.0,1541.0,1557.0,"3,326"
2017-05-28,1557.0,1553.0,1535.0,1538.0,"4,688"
2017-05-30,1538.0,1545.0,1499.0,1499.0,"4,117"
2017-05-31,1499.0,1515.0,1490.0,1500.0,"5,049"
2017-06-01,1500.0,1525.0,1495.0,1500.0,"8,966"
2017-06-04,1500.0,1501.0,1470.0,1480.0,"8,738"
2017-06-05,1480.0,1509.0,1480.0,1500.0,"3,695"
2017-06-06,1500.0,1530.0,1500.0,1519.0,"8,003"
2017-06-07,1519.0,1540.0,1514.0,1515.0,"10,804"
2017-06-08,1515.0,1515.0,1500.0,1512.0,"3,132"
2017-06-11,1512.0,1512.0,1470.0,1472.0,"6,190"
2017-06-12,1472.0,1479.0,1451.0,1460.0,"9,507"
2017-06-13,1460.0,1479.0,1455.0,1460.0,"5,712"
2017-06-14,1460.0,1460.0,1450.0,1452.0,"10,596"
2017-06-15,1452.0,1504.0,1458.0,1480.0,"4,356"
2017-06-18,1480.0,1480.0,1453.0,1459.0,"3,120"
2017-06-19,1459.0,1460.0,1445.0,1450.0,"6,395"
2017-06-20,1450.0,1455.0,1436.0,1442.0,"4,585"
2017-06-21,1442.0,1460.0,1450.0,1460.0,"3,699"
2017-06-22,1460.0,1484.0,1451.0,1452.0,"3,172"
2017-06-25,1452.0,1490.0,1465.0,1489.0,"3,963"
2017-06-27,1489.0,1499.0,1485.0,1491.0,"3,543"
2017-06-28,1491.0,1500.0,1485.0,1499.0,"4,402"
2017-07-02,1499.0,1499.0,1460.0,1479.0,"3,363"
2017-07-03,1479.0,1480.0,1470.0,1475.0,"2,096"
2017-07-04,1475.0,1479.0,1472.0,1476.0,"2,778"
2017-07-05,1476.0,1485.0,1475.0,1475.0,"2,783"
2017-07-06,1475.0,1500.0,1475.0,1500.0,"3,154"
2017-07-09,1500.0,1525.0,1490.0,1500.0,"6,988"
2017-07-10,1500.0,1505.0,1490.0,1493.0,"6,071"
2017-07-11,1493.0,1510.0,1500.0,1506.0,"3,583"
2017-07-12,1506.0,1520.0,1510.0,1519.0,"2,244"
2017-07-13,1519.0,1525.0,1512.0,1523.0,"2,709"
2017-07-16,1523.0,1530.0,1500.0,1530.0,"2,912"
2017-07-17,1530.0,1599.0,1540.0,1597.0,"11,170"
2017-07-18,1597.0,1650.0,1599.0,1638.0,"12,310"
2017-07-19,1638.0,1670.0,1650.0,1658.0,"12,595"
2017-07-20,1658.0,1670.0,1656.0,1658.0,"6,554"
2017-07-23,1658.0,1665.0,1630.0,1635.0,"4,811"
2017-07-24,1635.0,1650.0,1600.0,1610.0,"4,650"
2017-07-25,1610.0,1620.0,1607.0,1612.0,"5,546"
2017-07-26,1612.0,1643.0,1612.0,1620.0,"3,897"
2017-07-27,1620.0,1640.0,1625.0,1627.0,"4,790"
2017-07-30,1627.0,1630.0,1610.0,1620.0,"3,503"
2017-07-31,1620.0,1629.0,1620.0,1622.0,"3,329"
2017-08-01,1622.0,1642.0,1625.0,1635.0,"3,486"
2017-08-02,1635.0,1640.0,1630.0,1638.0,"4,095"
2017-08-03,1638.0,1675.0,1652.0,1667.0,"15,706"
2017-08-06,1667.0,1733.0,1700.0,1728.0,"18,127"
2017-08-07,1728.0,1773.0,1750.0,1768.0,"17,674"
2017-08-09,1768.0,1798.0,1775.0,1780.0,"12,288"
2017-08-10,1780.0,1779.0,1736.0,1758.0,"10,168"
2017-08-13,1758.0,1769.0,1745.0,1750.0,"9,970"
2017-08-15,1750.0,1749.0,1720.0,1720.0,"5,048"
2017-08-16,1720.0,1735.0,1713.0,1718.0,"7,982"
2017-08-17,1718.0,1751.0,1710.0,1737.0,"10,056"
2017-08-20,1737.0,1760.0,1732.0,1735.0,"5,888"
2017-08-21,1735.0,1730.0,1715.0,1720.0,"3,081"
2017-08-22,1720.0,1730.0,1717.0,1729.0,"5,422"
2017-08-23,1729.0,1740.0,1730.0,1730.0,"4,741"
2017-08-24,1730.0,1730.0,1718.0,1729.0,"4,183"
2017-08-27,1729.0,1810.0,1755.0,1767.0,"31,262"
2017-08-28,1767.0,1799.0,1758.0,1762.0,"20,703"
2017-08-30,1762.0,1770.0,1722.0,1737.0,"11,486"
2017-08-31,1737.0,1750.0,1699.0,1700.0,"13,665"
2017-09-04,1700.0,1701.0,1640.0,1665.0,"13,365"
2017-09-06,1665.0,1715.0,1670.0,1694.0,"19,799"
2017-09-07,1694.0,1700.0,1675.0,1675.0,"28,839"
2017-09-10,1675.0,1688.0,1632.0,1634.0,"29,951"
2017-09-11,1634.0,1650.0,1613.0,1630.0,"63,239"
2017-09-12,1254.0,1235.0,1191.0,1191.0,"16,172"
2017-09-13,1191.0,1190.0,1170.0,1185.0,"6,694"
2017-09-14,1185.0,1210.0,1189.0,1205.0,"9,574"
2017-09-17,1205.0,1255.0,1210.0,1245.0,"8,537"
2017-09-18,1245.0,1270.0,1255.0,1264.0,"6,829"
2017-09-20,1264.0,1274.0,1254.0,1254.0,"5,611"
2017-09-24,1254.0,1260.0,1242.0,1254.0,"8,497"
2017-09-25,1254.0,1265.0,1258.0,1260.0,"2,474"
2017-09-26,1260.0,1265.0,1251.0,1264.0,"6,134"
2017-10-03,1264.0,1265.0,1243.0,1265.0,"1,586"
2017-10-04,1265.0,1269.0,1245.0,1245.0,"5,471"
2017-10-08,1245.0,1245.0,1200.0,1218.0,"5,817"
2017-10-09,1218.0,1225.0,1200.0,1205.0,"6,902"
2017-10-10,1205.0,1211.0,1190.0,1205.0,"2,185"
2017-10-11,1205.0,1209.0,1199.0,1200.0,"5,616"
2017-10-12,1200.0,1205.0,1195.0,1200.0,"6,344"
2017-10-15,1200.0,1219.0,1200.0,1219.0,"1,432"
2017-10-16,1219.0,1285.0,1220.0,1285.0,"6,273"
2017-10-17,1285.0,1291.0,1265.0,1273.0,"6,476"
2017-10-18,1273.0,1280.0,1264.0,1277.0,"4,812"
2017-10-22,1277.0,1285.0,1270.0,1272.0,"1,070"
2017-10-23,1272.0,1280.0,1260.0,1265.0,"1,708"
2017-10-24,1265.0,1270.0,1251.0,1257.0,"2,908"
2017-10-25,1257.0,1265.0,1235.0,1235.0,"2,350"
2017-10-29,1235.0,1240.0,1225.0,1230.0,"2,416"
2017-10-30,1230.0,1234.0,1220.0,1225.0,"5,881"
2017-10-31,1225.0,1225.0,1210.0,1219.0,"4,315"
2017-11-01,1219.0,1235.0,1220.0,1220.0,"3,253"
2017-11-02,1220.0,1230.0,1208.0,1215.0,"7,706"
2017-11-05,1215.0,1210.0,1194.0,1203.0,"7,767"
2017-11-06,1203.0,1200.0,1180.0,1190.0,"5,666"
2017-11-07,1190.0,1195.0,1175.0,1179.0,"9,207"
2017-11-08,1179.0,1180.0,1165.0,1165.0,"4,291"
2017-11-09,1165.0,1165.0,1130.0,1130.0,"18,364"
2017-11-12,1130.0,1150.0,1121.0,1150.0,"10,024"
2017-11-13,1150.0,1165.0,1150.0,1161.0,"10,925"
2017-11-14,1161.0,1200.0,1163.0,1200.0,"11,066"
2017-11-15,1200.0,1208.0,1197.0,1200.0,"8,902"
2017-11-16,1200.0,1200.0,1180.0,1182.0,"4,677"
2017-11-19,1182.0,1200.0,1168.0,1168.0,"2,558"
2017-11-20,1168.0,1157.0,1140.0,1140.0,"11,937"
2017-11-21,1140.0,1162.0,1130.0,1145.0,"4,337"
2017-11-22,1145.0,1168.0,1160.0,1166.0,"3,050"
2017-11-23,1166.0,1175.0,1166.0,1166.0,"5,085"
2017-11-26,1166.0,1180.0,1170.0,1175.0,"7,461"
2017-11-27,1175.0,1184.0,1160.0,1165.0,"7,045"
2017-11-28,1165.0,1180.0,1165.0,1180.0,"5,031"
2017-11-29,1180.0,1190.0,1180.0,1180.0,"11,254"
2017-11-30,1180.0,1190.0,1170.0,1179.0,"8,116"
2017-12-04,1179.0,1181.0,1166.0,1166.0,"4,406"
2017-12-05,1166.0,1170.0,1155.0,1170.0,"4,113"
2017-12-06,1170.0,1180.0,1165.0,1168.0,"4,018"
2017-12-10,1168.0,1176.0,1155.0,1164.0,"9,654"
2017-12-11,1164.0,1167.0,1152.0,1167.0,"2,773"
2017-12-12,1167.0,1170.0,1153.0,1160.0,950
2017-12-13,1160.0,1160.0,1155.0,1156.0,"2,013"
2017-12-14,1156.0,1169.0,1159.0,1160.0,"1,117"
2017-12-17,1160.0,1160.0,1150.0,1155.0,"3,691"
2017-12-18,1155.0,1164.0,1160.0,1160.0,"1,545"
2017-12-19,1160.0,1161.0,1155.0,1155.0,"2,366"
2017-12-20,1155.0,1160.0,1145.0,1155.0,"2,665"
2017-12-21,1155.0,1160.0,1145.0,1149.0,"4,245"
2017-12-24,1149.0,1155.0,1148.0,1150.0,"4,231"
2017-12-26,1150.0,1155.0,1130.0,1145.0,"2,029"
2017-12-27,1145.0,1143.0,1130.0,1134.0,"2,831"
2017-12-28,1134.0,1129.0,1085.0,1090.0,"15,690"
2017-12-31,1090.0,1090.0,1015.0,1020.0,"19,263"
2018-01-01,1020.0,1065.0,1020.0,1065.0,"15,122"
2018-01-02,1065.0,1101.0,1065.0,1080.0,"24,418"
2018-01-03,1080.0,1100.0,1050.0,1055.0,"12,532"
2018-01-04,1055.0,1081.0,1059.0,1080.0,"7,265"
2018-01-07,1080.0,1090.0,1074.0,1081.0,"8,667"
2018-01-08,1081.0,1097.0,1080.0,1089.0,"14,120"
2018-01-09,1089.0,1100.0,1089.0,1090.0,"9,727"
2018-01-10,1090.0,1093.0,1070.0,1070.0,"12,309"
2018-01-14,1070.0,1073.0,1055.0,1065.0,"9,390"
2018-01-16,1065.0,1066.0,1025.0,1030.0,"22,276"
2018-01-17,1030.0,1045.0,1010.0,1039.0,"20,617"
2018-01-21,1039.0,1045.0,1025.0,1039.0,"12,003"
2018-01-22,1039.0,1043.0,1033.0,1039.0,"11,946"
2018-01-23,1039.0,1040.0,1030.0,1031.0,"6,612"
2018-01-24,1031.0,1032.0,1010.0,1015.0,"19,823"
2018-01-25,1015.0,1039.0,1020.0,1037.0,"8,156"
2018-01-28,1037.0,1055.0,1044.0,1048.0,"10,059"
2018-01-29,1048.0,1055.0,1045.0,1052.0,"11,653"
2018-01-31,1052.0,1070.0,1058.0,1070.0,"10,033"
2018-02-01,1070.0,1098.0,1075.0,1090.0,"12,664"
2018-02-04,1090.0,1099.0,1086.0,1086.0,"19,894"
2018-02-05,1086.0,1092.0,1074.0,1077.0,"12,146"
2018-02-06,1077.0,1073.0,1065.0,1072.0,"4,578"
2018-02-07,1072.0,1066.0,1060.0,1066.0,"7,436"
2018-02-08,1066.0,1070.0,1057.0,1065.0,"8,717"
2018-02-11,1065.0,1070.0,1060.0,1070.0,"6,351"
2018-02-12,1070.0,1074.0,1061.0,1062.0,"6,125"
2018-02-14,1062.0,1075.0,1060.0,1068.0,"11,870"
2018-02-15,1068.0,1104.0,1075.0,1104.0,"18,692"
2018-02-18,1110.0,1126.0,1106.0,1112.0,"19,540"
2018-02-20,1120.0,1130.0,1093.0,1100.0,"9,378"
2018-02-21,1095.0,1096.0,1085.0,1095.0,"2,594"
2018-02-22,1100.0,1100.0,1086.0,1090.0,"8,036"
2018-02-25,1090.0,1090.0,1065.0,1070.0,"10,593"
2018-02-26,1080.0,1085.0,1059.0,1059.0,"12,348"
2018-02-27,1060.0,1075.0,1055.0,1068.0,"19,270"
2018-02-28,1060.0,1067.0,1055.0,1060.0,"12,588"
2018-03-04,1045.0,1045.0,1022.0,1034.0,"13,490"
2018-03-05,1054.0,1070.0,1031.0,1035.0,"9,593"
2018-03-06,1035.0,1060.0,1025.0,1050.0,"15,880"
2018-03-07,1051.0,1065.0,1051.0,1060.0,"21,280"
2018-03-11,1060.0,1060.0,1040.0,1044.0,"11,768"
2018-03-12,1040.0,1043.0,1035.0,1043.0,"8,110"
2018-03-13,1037.0,1041.0,1024.0,1030.0,"14,786"
2018-03-14,1040.0,1040.0,1030.0,1030.0,"9,600"
2018-03-15,1030.0,1035.0,1023.0,1023.0,"11,196"
2018-03-18,1025.0,1029.0,1019.0,1025.0,"12,162"
2018-03-19,1030.0,1030.0,1012.0,1015.0,"12,030"
2018-03-20,1010.0,1015.0,998.0,1015.0,"23,717"
2018-03-21,1000.0,1001.0,985.0,985.0,"20,783"
2018-03-22,976.0,990.0,969.0,975.0,"20,012"
2018-03-26,975.0,965.0,920.0,925.0,"16,921"
2018-03-27,925.0,950.0,888.0,939.0,"25,557"
2018-03-28,950.0,968.0,931.0,968.0,"23,753"
2018-03-29,974.0,987.0,967.0,970.0,"18,810"
2018-04-01,975.0,975.0,917.0,945.0,"15,347"
2018-04-02,945.0,949.0,937.0,945.0,"8,678"
2018-04-03,945.0,950.0,939.0,950.0,"11,371"
2018-04-04,952.0,965.0,950.0,965.0,"16,959"
2018-04-05,970.0,978.0,965.0,970.0,"27,949"
2018-04-08,972.0,1010.0,972.0,999.0,"31,730"
2018-04-09,1015.0,1030.0,994.0,994.0,"35,267"
2018-04-10,990.0,1000.0,980.0,986.0,"11,944"
2018-04-11,983.0,994.0,980.0,988.0,"8,026"
2018-04-12,999.0,999.0,988.0,989.0,"14,218"
2018-04-15,995.0,999.0,979.0,990.0,"13,102"
2018-04-16,990.0,999.0,980.0,996.0,"8,325"
2018-04-17,1000.0,1005.0,997.0,1002.0,"16,009"
2018-04-18,1005.0,1050.0,999.0,1040.0,"21,999"
2018-04-19,1050.0,1060.0,1041.0,1055.0,"15,695"
2018-04-22,1066.0,1076.0,1058.0,1065.0,"20,691"
2018-04-23,1081.0,1081.0,1050.0,1050.0,"16,208"
2018-04-24,1055.0,1064.0,1032.0,1032.0,"8,229"
2018-04-25,1040.0,1045.0,1030.0,1040.0,"10,589"
2018-04-26,1050.0,1050.0,1020.0,1030.0,"13,380"
2018-04-29,1015.0,1020.0,1002.0,1013.0,"7,378"
2018-05-02,1017.0,1025.0,996.0,1009.0,"10,811"
2018-05-03,1011.0,1025.0,1009.0,1009.0,"6,662"
2018-05-06,1005.0,1006.0,1000.0,1005.0,"6,340"
2018-05-07,1010.0,1010.0,998.0,999.0,"6,050"
2018-05-08,1006.0,1010.0,997.0,1010.0,"8,831"
2018-05-09,1005.0,1014.0,1003.0,1003.0,"7,968"
2018-05-10,1000.0,1010.0,996.0,1003.0,"3,212"
2018-05-14,1003.0,1004.0,990.0,1000.0,"8,898"
2018-05-15,1000.0,1007.0,995.0,1002.0,"2,596"
2018-05-16,1002.0,1002.0,999.0,1000.0,"6,058"
2018-05-17,1005.0,1005.0,1001.0,1002.0,"3,295"
2018-05-20,1022.0,1022.0,1000.0,1000.0,"9,372"
2018-05-21,1000.0,1010.0,996.0,999.0,"6,405"
2018-05-22,1000.0,1003.0,995.0,995.0,"6,365"
2018-05-23,995.0,999.0,984.0,987.0,"5,655"
2018-05-24,992.0,999.0,990.0,990.0,"5,307"
2018-05-27,990.0,990.0,978.0,989.0,"3,069"
2018-05-28,989.0,1012.0,985.0,1012.0,"4,170"
2018-05-29,1007.0,1010.0,999.0,999.0,"4,198"
2018-05-30,1000.0,1013.0,999.0,1000.0,"2,360"
2018-05-31,1005.0,1005.0,995.0,1000.0,"3,164"
2018-06-03,1000.0,1000.0,980.0,980.0,"5,913"
2018-06-04,970.0,985.0,970.0,979.0,"3,875"
2018-06-06,998.0,1000.0,988.0,990.0,"1,882"
2018-06-07,990.0,990.0,975.0,975.0,"4,786"
2018-06-10,970.0,970.0,944.0,956.0,"5,466"
2018-06-11,955.0,975.0,945.0,955.0,"5,198"
2018-06-12,960.0,960.0,945.0,955.0,"4,558"
2018-06-13,960.0,960.0,945.0,955.0,"3,803"
2018-06-14,960.0,963.0,955.0,958.0,947
2018-06-17,955.0,959.0,940.0,942.0,"3,161"
2018-06-18,945.0,955.0,937.0,943.0,"2,878"
2018-06-19,944.0,944.0,940.0,941.0,"1,365"
2018-06-20,940.0,945.0,940.0,940.0,"3,344"
2018-06-21,945.0,945.0,940.0,942.0,"2,308"
2018-06-24,943.0,943.0,936.0,942.0,"4,494"
2018-06-25,945.0,945.0,930.0,932.0,"4,988"
2018-06-26,925.0,931.0,922.0,928.0,"1,174"
2018-06-27,930.0,935.0,921.0,930.0,"5,047"
2018-06-28,932.0,955.0,931.0,931.0,"2,623"
2018-07-01,945.0,945.0,925.0,928.0,"4,235"
2018-07-02,928.0,928.0,917.0,920.0,"2,420"
2018-07-03,920.0,926.0,918.0,920.0,"5,734"
2018-07-04,920.0,920.0,913.0,917.0,"6,221"
2018-07-05,920.0,928.0,919.0,924.0,"12,676"
2018-07-08,942.0,953.0,928.0,940.0,"12,880"
2018-07-09,941.0,941.0,918.0,918.0,"11,028"
2018-07-10,920.0,926.0,917.0,917.0,"3,949"
2018-07-11,920.0,928.0,917.0,918.0,"9,218"
2018-07-12,915.0,922.0,911.0,912.0,"5,387"
2018-07-15,912.0,920.0,912.0,920.0,"5,465"
2018-07-16,915.0,921.0,903.0,921.0,"10,813"
2018-07-17,917.0,917.0,899.0,900.0,"64,608"
2018-07-18,905.0,905.0,897.0,900.0,"28,537"
2018-07-19,900.0,905.0,898.0,900.0,"36,821"
2018-07-22,900.0,900.0,897.0,900.0,"6,188"
2018-07-23,899.0,900.0,898.0,900.0,"11,306"
2018-07-24,900.0,905.0,898.0,899.0,"20,936"
2018-07-25,900.0,900.0,897.0,897.0,"7,248"
2018-07-26,900.0,908.0,899.0,905.0,"13,263"
2018-07-29,919.0,919.0,909.0,910.0,"5,574"
2018-07-30,910.0,913.0,907.0,909.0,"5,174"
2018-07-31,905.0,910.0,905.0,905.0,"5,144"
2018-08-01,910.0,910.0,904.0,908.0,"5,960"
2018-08-02,908.0,909.0,904.0,906.0,"5,552"
2018-08-05,906.0,907.0,900.0,905.0,"6,414"
2018-08-06,907.0,907.0,900.0,903.0,"6,662"
2018-08-07,919.0,919.0,904.0,904.0,"2,142"
2018-08-08,905.0,910.0,903.0,904.0,"2,673"
2018-08-09,922.0,922.0,904.0,909.0,"3,307"
2018-08-12,910.0,910.0,894.0,900.0,"6,359"
2018-08-13,900.0,907.0,900.0,907.0,"5,383"
2018-08-14,907.0,907.0,900.0,907.0,"6,383"
2018-08-15,916.0,940.0,913.0,935.0,"17,869"
2018-08-16,930.0,966.0,930.0,957.0,"17,494"
2018-08-19,960.0,965.0,954.0,959.0,"11,046"
2018-08-20,960.0,960.0,942.0,948.0,"9,155"
2018-08-21,948.0,947.0,940.0,940.0,"4,925"
2018-08-22,935.0,945.0,935.0,945.0,"2,174"
2018-08-23,945.0,945.0,941.0,945.0,"4,749"
2018-08-26,945.0,948.0,944.0,945.0,"5,990"
2018-08-28,946.0,950.0,943.0,949.0,"6,091"
2018-08-29,947.0,949.0,945.0,947.0,"3,171"
2018-08-30,950.0,952.0,945.0,947.0,"5,231"
2018-09-02,949.0,952.0,946.0,950.0,"7,021"
2018-09-03,969.0,970.0,955.0,964.0,"7,503"
2018-09-04,970.0,971.0,961.0,966.0,"8,115"
2018-09-05,967.0,974.0,965.0,970.0,"10,041"
2018-09-06,972.0,984.0,963.0,965.0,"16,698"
2018-09-09,955.0,974.0,955.0,970.0,"7,541"
2018-09-10,965.0,967.0,960.0,964.0,"7,438"
2018-09-11,965.0,969.0,960.0,966.0,"6,852"
2018-09-12,966.0,967.0,965.0,965.0,"4,296"
2018-09-13,966.0,970.0,966.0,968.0,"5,373"
2018-09-16,970.0,974.0,968.0,969.0,"9,770"
2018-09-17,967.0,970.0,965.0,968.0,"1,984"
2018-09-18,970.0,970.0,966.0,968.0,"5,243"
2018-09-20,970.0,970.0,960.0,962.0,"6,516"
2018-09-23,961.0,964.0,950.0,961.0,"3,193"
2018-09-25,965.0,965.0,960.0,965.0,"4,909"
2018-09-26,960.0,969.0,960.0,966.0,"9,356"
2018-09-27,960.0,970.0,960.0,961.0,"3,070"
2018-09-30,961.0,961.0,950.0,950.0,"7,218"
2018-10-01,955.0,956.0,934.0,945.0,"2,593"
2018-10-02,945.0,950.0,940.0,945.0,"3,936"
2018-10-03,945.0,945.0,932.0,942.0,"5,114"
2018-10-04,940.0,958.0,916.0,944.0,"5,142"
2018-10-07,944.0,944.0,927.0,927.0,"5,803"
2018-10-08,927.0,944.0,927.0,929.0,"3,337"
2018-10-09,931.0,939.0,927.0,930.0,"2,484"
2018-10-10,929.0,932.0,927.0,930.0,"4,393"
2018-10-11,931.0,937.0,929.0,931.0,"5,113"
2018-10-14,935.0,939.0,935.0,938.0,"1,925"
2018-10-15,940.0,956.0,940.0,953.0,"1,245"
2018-10-21,955.0,955.0,950.0,953.0,193
2018-10-22,951.0,959.0,950.0,951.0,"1,928"
2018-10-23,955.0,960.0,950.0,960.0,"2,006"
2018-10-24,960.0,970.0,956.0,962.0,"3,191"
2018-10-25,963.0,963.0,956.0,956.0,"1,044"
2018-10-28,956.0,956.0,939.0,942.0,"2,511"
2018-10-29,939.0,945.0,939.0,940.0,"2,862"
2018-10-30,940.0,945.0,940.0,940.0,"1,768"
2018-10-31,941.0,952.0,940.0,952.0,"2,427"
2018-11-01,940.0,949.0,940.0,946.0,"1,572"
2018-11-04,947.0,947.0,938.0,940.0,"2,099"
2018-11-05,939.0,940.0,935.0,938.0,"2,736"
2018-11-06,938.0,900.0,900.0,946.0,230
2018-11-11,946.0,946.0,897.0,911.0,"2,235"
2018-11-12,910.0,911.0,897.0,904.0,"4,075"
2018-11-13,915.0,921.0,905.0,919.0,833
2018-11-14,919.0,920.0,915.0,919.0,"4,373"
2018-11-15,920.0,940.0,920.0,926.0,"7,548"
2018-11-18,930.0,930.0,916.0,916.0,"3,113"
2018-11-19,915.0,918.0,908.0,917.0,"2,568"
2018-11-20,918.0,918.0,902.0,902.0,760
2018-11-21,891.0,906.0,890.0,906.0,"3,991"
2018-11-22,910.0,915.0,900.0,900.0,"4,595"
2018-11-25,904.0,904.0,898.0,898.0,"3,792"
2018-11-26,898.0,898.0,888.0,888.0,"5,967"
2018-11-27,885.0,899.0,885.0,889.0,"4,029"
2018-11-28,892.0,900.0,888.0,889.0,"5,451"
2018-11-29,885.0,890.0,882.0,882.0,"3,294"
2018-12-02,880.0,880.0,865.0,865.0,"4,594"
2018-12-03,870.0,875.0,862.0,863.0,"3,135"
2018-12-04,860.0,860.0,841.0,860.0,"13,920"
2018-12-05,860.0,860.0,849.0,851.0,"7,992"
2018-12-06,850.0,850.0,830.0,850.0,"6,099"
2018-12-09,853.0,856.0,850.0,852.0,"4,171"
2018-12-10,855.0,860.0,850.0,853.0,"8,181"
2018-12-11,855.0,860.0,844.0,855.0,"3,869"
2018-12-12,855.0,860.0,845.0,851.0,"3,175"
2018-12-13,852.0,855.0,847.0,847.0,"4,879"
2018-12-16,859.0,859.0,850.0,853.0,"9,410"
2018-12-17,850.0,869.0,850.0,862.0,"2,512"
2018-12-18,862.0,862.0,856.0,858.0,"5,028"
2018-12-19,860.0,860.0,850.0,850.0,"7,082"
2018-12-20,855.0,860.0,845.0,851.0,"3,393"
2018-12-23,860.0,870.0,860.0,870.0,"8,974"
2018-12-24,870.0,876.0,865.0,868.0,"5,253"
2018-12-25,870.0,870.0,855.0,862.0,"1,588"
2018-12-26,870.0,870.0,860.0,864.0,"7,037"
2018-12-27,875.0,880.0,865.0,865.0,"6,193"
2018-12-30,866.0,877.0,865.0,866.0,"4,130"
2018-12-31,879.0,879.0,860.0,860.0,"7,190"
2019-01-01,861.0,863.0,851.0,851.0,"5,002"
2019-01-02,859.0,859.0,850.0,850.0,"5,122"
2019-01-03,851.0,855.0,841.0,841.0,"9,928"
2019-01-06,845.0,848.0,835.0,837.0,"7,310"
2019-01-07,838.0,840.0,835.0,835.0,"4,589"
2019-01-08,836.0,839.0,835.0,837.0,"3,971"
2019-01-09,840.0,840.0,834.0,834.0,"4,380"
2019-01-10,836.0,848.0,834.0,835.0,"5,480"
2019-01-13,851.0,851.0,838.0,838.0,"3,132"
2019-01-14,839.0,844.0,830.0,836.0,"4,045"
2019-01-15,842.0,842.0,834.0,842.0,"2,708"
2019-01-16,858.0,858.0,841.0,845.0,"2,960"
2019-01-17,845.0,845.0,836.0,844.0,"2,128"
2019-01-20,844.0,850.0,844.0,850.0,"2,650"
2019-01-21,842.0,848.0,836.0,843.0,"3,420"
2019-01-22,841.0,845.0,841.0,842.0,"1,670"
2019-01-23,843.0,850.0,838.0,838.0,"4,189"
2019-01-24,843.0,843.0,839.0,840.0,"2,567"
2019-01-27,841.0,841.0,832.0,838.0,"3,910"
2019-01-28,835.0,837.0,832.0,834.0,"2,227"
2019-01-29,830.0,835.0,830.0,830.0,"6,286"
2019-01-30,835.0,841.0,835.0,837.0,"3,605"
2019-01-31,838.0,844.0,838.0,841.0,"4,408"
2019-02-03,842.0,845.0,840.0,841.0,"4,165"
2019-02-04,837.0,838.0,825.0,829.0,"5,154"
2019-02-05,830.0,835.0,830.0,830.0,"2,150"
2019-02-06,825.0,829.0,825.0,828.0,"3,267"
2019-02-07,828.0,835.0,826.0,831.0,"3,757"
2019-02-10,830.0,830.0,820.0,824.0,"2,399"
2019-02-11,830.0,830.0,823.0,825.0,"3,879"
2019-02-12,826.0,830.0,825.0,825.0,"2,448"
2019-02-13,830.0,830.0,818.0,822.0,"3,151"
2019-02-14,820.0,825.0,818.0,818.0,"2,494"
2019-02-17,829.0,829.0,807.0,807.0,"6,470"
2019-02-18,815.0,815.0,778.0,783.0,"29,718"
2019-02-19,793.0,795.0,776.0,793.0,"7,663"
2019-02-20,793.0,793.0,780.0,789.0,"9,080"
2019-02-21,792.0,803.0,789.0,803.0,"17,561"
2019-02-24,810.0,810.0,792.0,795.0,"15,486"
2019-02-25,795.0,799.0,789.0,794.0,"31,622"
2019-02-26,700.0,700.0,678.0,687.0,"9,887"
2019-02-27,686.0,689.0,681.0,687.0,"4,794"
2019-03-03,690.0,691.0,680.0,682.0,"8,715"
2019-03-05,682.0,690.0,681.0,683.0,"6,279"
2019-03-06,683.0,688.0,680.0,686.0,"10,200"
2019-03-07,689.0,690.0,685.0,688.0,"7,555"
2019-03-10,689.0,691.0,686.0,691.0,"1,992"
2019-03-11,694.0,700.0,691.0,696.0,"16,082"
2019-03-12,705.0,720.0,705.0,720.0,"12,524"
2019-03-13,725.0,731.0,715.0,715.0,"11,208"
2019-03-14,719.0,720.0,708.0,715.0,"3,812"
2019-03-17,715.0,730.0,715.0,722.0,"9,881"
2019-03-18,726.0,730.0,722.0,722.0,"9,174"
2019-03-19,722.0,724.0,718.0,723.0,"1,020"
2019-03-21,722.0,722.0,708.0,710.0,"8,927"
2019-03-24,721.0,721.0,709.0,712.0,"5,859"
2019-03-25,709.0,716.0,709.0,712.0,"7,028"
2019-03-26,710.0,712.0,706.0,712.0,"3,898"
2019-03-27,713.0,715.0,709.0,709.0,"9,163"
2019-03-28,708.0,719.0,708.0,714.0,"5,004"
2019-03-31,715.0,717.0,707.0,712.0,"7,019"
2019-04-01,713.0,714.0,709.0,712.0,"11,973"
2019-04-02,713.0,718.0,710.0,717.0,"15,403"
2019-04-03,731.0,731.0,712.0,724.0,"14,196"
2019-04-04,724.0,728.0,718.0,727.0,"8,188"
2019-04-07,730.0,732.0,721.0,732.0,"23,725"
2019-04-08,735.0,755.0,730.0,740.0,"23,599"
2019-04-09,741.0,750.0,740.0,743.0,"12,325"
2019-04-10,749.0,749.0,735.0,740.0,"8,232"
2019-04-11,742.0,743.0,736.0,736.0,"7,882"
2019-04-15,736.0,746.0,736.0,746.0,"3,377"
2019-04-16,749.0,773.0,747.0,766.0,"6,057"
2019-04-17,775.0,780.0,766.0,773.0,"11,183"
2019-04-18,785.0,810.0,785.0,810.0,"15,287"
2019-04-21,815.0,867.0,815.0,866.0,"28,899"
2019-04-22,880.0,900.0,868.0,880.0,"29,675"
2019-04-23,875.0,890.0,859.0,881.0,"15,000"
2019-04-24,881.0,894.0,864.0,878.0,"6,811"
2019-04-25,890.0,895.0,877.0,880.0,"9,441"
2019-04-28,885.0,891.0,873.0,873.0,"9,506"
2019-04-29,875.0,880.0,866.0,868.0,"8,403"
2019-04-30,871.0,871.0,851.0,856.0,"7,584"
2019-05-02,850.0,855.0,845.0,847.0,"6,201"
2019-05-05,843.0,844.0,830.0,835.0,"9,479"
2019-05-06,845.0,855.0,834.0,851.0,"8,355"
2019-05-07,856.0,869.0,850.0,850.0,"8,243"
2019-05-08,855.0,855.0,840.0,846.0,"7,578"
2019-05-09,862.0,862.0,838.0,841.0,"2,950"
2019-05-12,841.0,845.0,831.0,841.0,"3,539"
2019-05-13,845.0,855.0,841.0,844.0,"2,652"
2019-05-14,840.0,850.0,837.0,848.0,"3,614"
2019-05-15,848.0,860.0,844.0,851.0,"5,163"
2019-05-16,851.0,858.0,845.0,845.0,"6,365"
2019-05-19,855.0,855.0,831.0,843.0,"6,356"
2019-05-20,849.0,849.0,830.0,830.0,"5,507"
2019-05-21,829.0,840.0,827.0,840.0,"4,169"
2019-05-22,856.0,856.0,835.0,841.0,"1,981"
2019-05-23,843.0,845.0,835.0,841.0,"5,508"
2019-05-26,857.0,857.0,835.0,840.0,"5,463"
2019-05-27,835.0,840.0,835.0,840.0,"2,539"
2019-05-28,830.0,844.0,830.0,836.0,"2,822"
2019-05-29,840.0,840.0,837.0,840.0,"3,151"
2019-05-30,856.0,882.0,847.0,847.0,"9,146"
2019-06-02,848.0,848.0,832.0,834.0,"6,077"
2019-06-03,835.0,835.0,830.0,833.0,"2,874"
2019-06-04,843.0,843.0,829.0,829.0,"3,935"
2019-06-06,832.0,832.0,826.0,828.0,"4,877"
2019-06-10,820.0,842.0,820.0,826.0,"4,518"
2019-06-11,825.0,826.0,820.0,822.0,"8,030"
2019-06-12,818.0,823.0,815.0,820.0,"8,943"
2019-06-13,820.0,834.0,818.0,827.0,"9,849"
2019-06-16,820.0,822.0,813.0,814.0,"13,511"
2019-06-17,814.0,816.0,807.0,816.0,"10,347"
2019-06-18,816.0,816.0,806.0,814.0,"8,230"
2019-06-19,829.0,829.0,803.0,814.0,"3,158"
2019-06-20,814.0,814.0,805.0,812.0,"4,301"
2019-06-23,820.0,820.0,804.0,805.0,"5,595"
2019-06-24,807.0,808.0,802.0,808.0,"3,446"
2019-06-25,805.0,810.0,800.0,810.0,"4,883"
2019-06-26,810.0,810.0,802.0,804.0,"7,826"
2019-06-27,805.0,815.0,799.0,800.0,"12,955"
2019-06-30,806.0,806.0,785.0,785.0,"28,406"
2019-07-01,783.0,785.0,780.0,785.0,"8,539"
2019-07-02,781.0,785.0,775.0,784.0,"9,500"
2019-07-03,787.0,799.0,775.0,795.0,"7,949"
2019-07-04,796.0,800.0,795.0,798.0,"10,401"
2019-07-07,800.0,805.0,790.0,790.0,"6,481"
2019-07-08,790.0,790.0,785.0,787.0,"4,253"
2019-07-09,787.0,806.0,786.0,806.0,"11,678"
2019-07-10,803.0,815.0,801.0,811.0,"9,931"
2019-07-11,813.0,824.0,813.0,823.0,"8,966"
2019-07-14,824.0,827.0,820.0,825.0,"3,781"
2019-07-15,826.0,833.0,799.0,799.0,"30,861"
2019-07-16,838.0,838.0,792.0,800.0,"25,920"
2019-07-17,800.0,814.0,800.0,813.0,"17,512"
2019-07-18,820.0,820.0,808.0,812.0,"15,304"
2019-07-21,808.0,810.0,800.0,801.0,"19,195"
2019-07-22,810.0,819.0,803.0,805.0,"19,698"
2019-07-23,810.0,810.0,802.0,808.0,"13,387"
2019-07-24,815.0,815.0,805.0,812.0,"17,884"
2019-07-25,807.0,811.0,800.0,805.0,"11,336"
2019-07-28,808.0,808.0,796.0,797.0,"17,431"
2019-07-29,800.0,805.0,798.0,803.0,"10,970"
2019-07-30,803.0,805.0,800.0,801.0,"10,926"
2019-07-31,800.0,805.0,800.0,800.0,"9,199"
2019-08-01,802.0,805.0,800.0,801.0,"11,281"
2019-08-04,802.0,803.0,796.0,799.0,"11,095"
2019-08-05,795.0,800.0,795.0,800.0,"9,946"
2019-08-06,795.0,795.0,789.0,790.0,"13,321"
2019-08-07,790.0,795.0,784.0,790.0,"9,174"
2019-08-08,794.0,796.0,787.0,790.0,"10,432"
2019-08-11,788.0,788.0,781.0,784.0,"9,920"
2019-08-12,782.0,788.0,782.0,783.0,"5,650"
2019-08-13,785.0,785.0,781.0,782.0,"6,190"
2019-08-14,784.0,784.0,775.0,779.0,"11,640"
2019-08-15,782.0,785.0,780.0,784.0,"13,055"
2019-08-18,790.0,790.0,779.0,779.0,"12,387"
2019-08-19,779.0,784.0,776.0,778.0,"10,297"
2019-08-20,782.0,782.0,777.0,778.0,"12,518"
2019-08-21,777.0,779.0,775.0,778.0,"13,659"
2019-08-22,778.0,781.0,777.0,777.0,"7,473"
2019-08-25,771.0,780.0,771.0,776.0,"7,386"
2019-08-26,776.0,776.0,760.0,775.0,"23,330"
2019-08-27,772.0,780.0,771.0,778.0,"5,949"
2019-08-28,780.0,790.0,770.0,770.0,"4,274"
2019-08-29,771.0,775.0,768.0,770.0,"9,213"
2019-09-01,771.0,772.0,767.0,769.0,"9,261"
2019-09-02,769.0,769.0,756.0,758.0,"6,969"
2019-09-03,758.0,775.0,750.0,774.0,"8,894"
2019-09-04,780.0,781.0,770.0,777.0,"15,241"
2019-09-05,792.0,792.0,777.0,780.0,"8,861"
2019-09-08,778.0,781.0,775.0,776.0,"9,562"
2019-09-09,775.0,778.0,770.0,776.0,"4,931"
2019-09-10,772.0,775.0,767.0,769.0,"7,569"
2019-09-11,765.0,772.0,765.0,772.0,"4,673"
2019-09-12,770.0,771.0,765.0,770.0,"10,514"
2019-09-15,770.0,775.0,759.0,759.0,"6,359"
2019-09-16,756.0,756.0,742.0,742.0,"10,591"
2019-09-17,745.0,772.0,745.0,750.0,"10,137"
2019-09-18,765.0,780.0,762.0,775.0,"7,924"
2019-09-19,784.0,784.0,772.0,775.0,"6,481"
2019-09-22,768.0,770.0,762.0,765.0,"7,591"
2019-09-23,761.0,768.0,760.0,760.0,"6,194"
2019-09-24,760.0,760.0,757.0,760.0,"7,998"
2019-09-25,760.0,765.0,759.0,759.0,"3,910"
2019-09-26,760.0,762.0,755.0,759.0,"3,989"
2019-09-29,760.0,760.0,751.0,752.0,"3,598"
2019-09-30,760.0,760.0,754.0,760.0,"4,706"
2019-10-01,763.0,777.0,761.0,772.0,"2,719"
2019-10-02,777.0,780.0,770.0,772.0,"4,486"
2019-10-03,778.0,778.0,769.0,769.0,"5,226"
2019-10-10,765.0,773.0,765.0,770.0,728
2019-10-14,770.0,770.0,757.0,765.0,"16,518"
2019-10-15,765.0,765.0,760.0,763.0,"4,973"
2019-10-16,768.0,768.0,754.0,762.0,"4,902"
2019-10-17,762.0,765.0,759.0,760.0,"8,157"
2019-10-20,766.0,766.0,756.0,757.0,"4,145"
2019-10-21,757.0,764.0,755.0,758.0,"6,056"
2019-10-22,758.0,762.0,754.0,756.0,"17,493"
2019-10-23,756.0,765.0,756.0,762.0,"3,122"
2019-10-24,765.0,768.0,755.0,768.0,"8,808"
2019-10-31,768.0,768.0,753.0,761.0,"6,352"
2019-11-03,760.0,760.0,752.0,760.0,"8,041"
2019-11-04,764.0,780.0,762.0,768.0,"25,965"
2019-11-05,775.0,777.0,763.0,770.0,"16,182"
2019-11-06,774.0,774.0,765.0,768.0,"13,493"
2019-11-07,772.0,772.0,755.0,755.0,"23,312"
2019-11-10,760.0,763.0,753.0,755.0,"10,153"
2019-11-11,759.0,765.0,750.0,753.0,"15,505"
2019-11-12,760.0,760.0,749.0,750.0,"21,447"
2019-11-13,750.0,755.0,750.0,750.0,"6,681"
2019-11-14,750.0,754.0,749.0,749.0,"3,797"
2019-11-17,753.0,755.0,745.0,755.0,"7,383"
2019-11-18,755.0,756.0,750.0,755.0,"23,592"
2019-11-19,755.0,755.0,750.0,753.0,"18,207"
2019-11-20,755.0,760.0,750.0,750.0,"29,088"
2019-11-21,750.0,750.0,739.0,740.0,"7,681"
2019-11-24,739.0,742.0,730.0,730.0,"12,391"
2019-11-25,731.0,732.0,727.0,730.0,"10,567"
2019-11-26,726.0,735.0,725.0,730.0,"8,682"
2019-11-27,731.0,735.0,729.0,732.0,"18,463"
2019-11-28,732.0,733.0,724.0,725.0,"15,634"
2019-12-01,725.0,730.0,723.0,723.0,"24,232"
2019-12-02,726.0,726.0,723.0,725.0,"6,572"
2019-12-03,728.0,730.0,725.0,725.0,"9,589"
2019-12-04,727.0,729.0,725.0,725.0,"9,772"
2019-12-05,730.0,737.0,728.0,730.0,"13,130"
2019-12-08,739.0,739.0,725.0,729.0,"11,013"
2019-12-09,730.0,749.0,730.0,736.0,"5,466"
2019-12-10,736.0,745.0,736.0,743.0,"4,466"
2019-12-11,745.0,750.0,743.0,747.0,"8,847"
2019-12-12,750.0,751.0,744.0,749.0,"16,206"
2019-12-15,755.0,755.0,744.0,744.0,"16,928"
2019-12-16,750.0,750.0,737.0,737.0,"11,742"
2019-12-17,746.0,747.0,739.0,743.0,"9,416"
2019-12-18,748.0,750.0,742.0,748.0,"15,298"
2019-12-19,749.0,755.0,749.0,753.0,"15,015"
2019-12-22,755.0,760.0,750.0,756.0,"34,362"
2019-12-23,760.0,762.0,750.0,750.0,"66,023"
2019-12-24,662.0,670.0,660.0,667.0,"22,863"
2019-12-25,665.0,669.0,665.0,669.0,"12,220"
2019-12-26,667.0,677.0,665.0,676.0,"14,538"
2019-12-29,678.0,679.0,673.0,674.0,"14,830"
2019-12-30,673.0,687.0,673.0,675.0,"17,063"
2019-12-31,679.0,682.0,676.0,681.0,"15,116"
2020-01-01,683.0,690.0,680.0,690.0,"10,882"
2020-01-02,688.0,690.0,684.0,685.0,"20,018"
2020-01-05,690.0,699.0,690.0,697.0,"17,152"
2020-01-06,700.0,715.0,700.0,713.0,"23,487"
2020-01-07,725.0,734.0,719.0,722.0,"24,397"
2020-01-08,725.0,725.0,715.0,721.0,"17,879"
2020-01-09,711.0,723.0,711.0,716.0,"9,624"
2020-01-12,722.0,728.0,720.0,726.0,"30,359"
2020-01-13,735.0,749.0,726.0,730.0,"40,571"
2020-01-14,735.0,735.0,716.0,730.0,"12,535"
2020-01-15,735.0,743.0,733.0,740.0,"11,175"
2020-01-16,740.0,759.0,740.0,751.0,"26,914"
2020-01-19,760.0,766.0,757.0,764.0,"22,863"
2020-01-20,779.0,780.0,755.0,761.0,"25,615"
2020-01-21,767.0,767.0,749.0,755.0,"18,428"
2020-01-22,750.0,756.0,745.0,745.0,"12,755"
2020-01-23,745.0,745.0,722.0,727.0,"19,663"
2020-01-26,727.0,727.0,709.0,712.0,"20,914"
2020-01-27,712.0,729.0,706.0,720.0,"17,628"
2020-01-28,734.0,735.0,725.0,725.0,"15,203"
2020-01-29,727.0,732.0,721.0,724.0,"10,541"
2020-01-30,724.0,737.0,724.0,736.0,"14,728"
2020-02-02,740.0,754.0,740.0,752.0,"37,634"
2020-02-03,757.0,758.0,733.0,738.0,"33,172"
2020-02-04,741.0,744.0,732.0,739.0,"27,241"
2020-02-05,739.0,739.0,734.0,734.0,"20,827"
2020-02-06,735.0,740.0,726.0,726.0,"15,362"
2020-02-09,732.0,732.0,720.0,721.0,"18,422"
2020-02-10,725.0,727.0,716.0,720.0,"23,380"
2020-02-11,716.0,730.0,715.0,723.0,"27,491"
2020-02-12,729.0,729.0,721.0,722.0,"11,735"
2020-02-13,725.0,727.0,721.0,723.0,"16,258"
2020-02-16,726.0,726.0,719.0,724.0,"17,985"
2020-02-17,738.0,757.0,728.0,750.0,"51,893"
2020-02-18,764.0,765.0,744.0,753.0,"47,604"
2020-02-19,752.0,753.0,746.0,751.0,"23,379"
2020-02-20,752.0,755.0,746.0,755.0,"21,585"
2020-02-23,758.0,804.0,758.0,790.0,"65,129"
2020-02-24,805.0,821.0,791.0,800.0,"93,540"
2020-02-25,805.0,814.0,779.0,814.0,"37,640"
2020-02-26,830.0,875.0,828.0,870.0,"83,212"
2020-02-27,861.0,955.0,845.0,955.0,"167,082"
2020-03-01,965.0,1000.0,936.0,940.0,"163,043"
2020-03-02,926.0,939.0,850.0,850.0,"68,203"
2020-03-03,835.0,910.0,815.0,888.0,"150,206"
2020-03-04,888.0,888.0,838.0,847.0,"107,177"
2020-03-05,831.0,852.0,813.0,840.0,"78,904"
2020-03-10,824.0,824.0,776.0,776.0,"60,824"
2020-03-11,791.0,822.0,766.0,815.0,"83,501"
2020-03-12,831.0,831.0,784.0,790.0,"65,403"
2020-03-15,780.0,787.0,748.0,750.0,"70,304"
2020-03-16,741.0,764.0,723.0,750.0,"55,501"
2020-03-17,765.0,765.0,721.0,731.0,"46,620"
2020-03-18,731.0,739.0,700.0,715.0,"43,913"
2020-03-19,701.0,740.0,690.0,730.0,"55,806"
2020-03-22,744.0,744.0,700.0,701.0,"15,101"
